City_ID,City,Country,Date,Lat,Lng,Max Temp,Humidity,Cloudiness,Wind Speed
0,Jamestown,US,2021-05-24 03:22:24,42.097,-79.2353,65.52,94,90,4.61
1,Rikitea,PF,2021-05-24 03:21:17,-23.1203,-134.9692,74.95,74,37,4.36
2,Kolosovka,RU,2021-05-24 03:22:24,56.4678,73.611,66.31,67,67,8.1
3,Soyo,AO,2021-05-24 03:22:25,-6.1349,12.3689,76.91,89,86,6.58
4,Tigil,RU,2021-05-24 03:22:25,57.8,158.6667,47.77,50,4,18.32
5,Port Macquarie,AU,2021-05-24 03:20:20,-31.4333,152.9167,66.88,56,26,6.22
6,Vao,NC,2021-05-24 03:22:25,-22.6667,167.4833,71.53,57,13,15.23
7,Hermanus,ZA,2021-05-24 03:22:26,-34.4187,19.2345,62.92,49,100,7.05
8,Wajima,JP,2021-05-24 03:22:26,37.4,136.9,79.48,68,0,11.92
9,Arcachon,FR,2021-05-24 03:22:26,44.5875,-1.0519,53.65,94,0,3.44
10,Buluang,PH,2021-05-24 03:22:27,13.3068,123.3425,89.62,57,18,3.02
11,Iqaluit,CA,2021-05-24 03:22:27,63.7506,-68.5145,17.33,72,90,5.99
12,Bluff,NZ,2021-05-24 03:22:27,-46.6,168.3333,49.8,63,98,8.37
13,Merauke,ID,2021-05-24 03:22:28,-8.4667,140.3333,85.08,63,47,12.35
14,Tuburan,PH,2021-05-24 03:22:28,6.6439,122.2736,82.49,68,13,2.82
15,College,US,2021-05-24 03:18:21,64.8569,-147.8028,58.46,34,20,5.75
16,Punta Arenas,CL,2021-05-24 03:22:28,-53.15,-70.9167,39.31,70,75,7.78
17,Oistins,BB,2021-05-24 03:22:29,13.0667,-59.5333,80.69,65,75,19.57
18,Albany,US,2021-05-24 03:21:39,42.6001,-73.9662,58.53,61,94,6.73
19,Mar Del Plata,AR,2021-05-24 03:22:29,-38.0023,-57.5575,53.13,54,20,1.01
20,Sivas,TR,2021-05-24 03:22:29,39.7916,37.0019,45.23,100,90,12.66
21,Altay,CN,2021-05-24 03:22:30,47.8667,88.1167,69.58,30,0,4.79
22,Ilulissat,GL,2021-05-24 03:22:30,69.2167,-51.1,37.42,48,75,24.16
23,Kapaa,US,2021-05-24 03:21:46,22.0752,-159.319,80.92,73,75,1.01
24,Cherskiy,RU,2021-05-24 03:22:30,68.75,161.3,49.69,43,11,7.23
25,Gat,IL,2021-05-24 03:20:03,31.61,34.7642,67.41,82,14,4.09
26,Ushuaia,AR,2021-05-24 03:19:27,-54.8,-68.3,42.46,81,40,4.61
27,Yumen,CN,2021-05-24 03:22:31,40.2833,97.2,65.53,14,0,10.51
28,Havoysund,NO,2021-05-24 03:22:31,70.9963,24.6622,36.48,59,100,9.51
29,Odweyne,SO,2021-05-24 03:22:31,9.4092,45.064,71.35,64,70,12.95
30,Mana,GF,2021-05-24 03:22:32,5.6592,-53.7767,77.74,92,100,8.88
31,Bathsheba,BB,2021-05-24 03:22:32,13.2167,-59.5167,81.21,79,75,18.54
32,Uryupinsk,RU,2021-05-24 03:22:32,50.8047,42.0138,57.31,81,99,4.63
33,Goderich,CA,2021-05-24 03:22:33,43.7501,-81.7165,59.92,58,100,10.36
34,Samarkand,UZ,2021-05-24 03:22:33,39.6542,66.9597,71.02,43,40,9.22
35,Lemon Tree Passage,AU,2021-05-24 03:22:33,-32.7327,152.036,68.52,90,3,4.81
36,Yabassi,CM,2021-05-24 03:22:34,4.457,9.9682,76.64,99,99,1.5
37,Cape Town,ZA,2021-05-24 03:21:14,-33.9258,18.4232,67.08,46,0,9.26
38,Sorland,NO,2021-05-24 03:22:34,67.667,12.6934,42.98,71,100,14.36
39,Vaini,TO,2021-05-24 03:22:34,-21.2,-175.2,71.76,94,90,8.05
40,Constitucion,CL,2021-05-24 03:20:56,-35.3333,-72.4167,53.24,72,85,7.34
41,San Policarpo,PH,2021-05-24 03:22:35,12.1791,125.5072,85.33,68,13,5.7
42,Sola,VU,2021-05-24 03:22:35,-13.8833,167.55,75.87,94,90,0.0
43,Hobart,AU,2021-05-24 03:22:35,-42.8794,147.3294,63.27,60,75,5.01
44,Mataura,NZ,2021-05-24 03:22:36,-46.1927,168.8643,49.48,67,57,2.73
45,Bredasdorp,ZA,2021-05-24 03:22:36,-34.5322,20.0403,60.12,40,100,6.98
46,San Isidro,PE,2021-05-24 03:22:36,-12.1167,-77.05,63.99,90,0,1.99
47,Fort Nelson,CA,2021-05-24 03:22:37,58.8053,-122.7002,65.79,27,20,4.61
48,Ponta Do Sol,PT,2021-05-24 03:22:37,32.6667,-17.1,64.71,72,98,8.48
49,Arraial Do Cabo,BR,2021-05-24 03:22:37,-22.9661,-42.0278,74.61,80,100,8.12
50,Pareora,NZ,2021-05-24 03:22:38,-44.4871,171.2132,49.17,61,96,14.5
51,Longyearbyen,SJ,2021-05-24 03:22:38,78.2186,15.6401,24.64,74,20,9.22
52,Berdigestyakh,RU,2021-05-24 03:22:38,62.0989,126.6992,55.22,36,100,12.97
53,Butaritari,KI,2021-05-24 03:22:39,3.0707,172.7902,83.32,76,94,12.12
54,Klaksvik,FO,2021-05-24 03:22:39,62.2266,-6.589,41.92,71,100,6.82
55,Yar-Sale,RU,2021-05-24 03:22:39,66.8333,70.8333,38.89,50,30,29.91
56,Yaan,NG,2021-05-24 03:22:40,7.3833,8.5667,74.59,92,56,7.83
57,Sechura,PE,2021-05-24 03:22:40,-5.5569,-80.8222,67.51,83,5,12.93
58,Saint-Joseph,RE,2021-05-24 03:22:40,-21.3667,55.6167,68.36,83,98,11.99
59,Puerto Escondido,MX,2021-05-24 03:22:41,15.85,-97.0667,83.75,74,5,5.57
60,Sol-Iletsk,RU,2021-05-24 03:22:41,51.1631,54.9918,74.68,36,5,7.61
61,Tasiilaq,GL,2021-05-24 03:22:41,65.6145,-37.6368,32.16,86,100,16.44
62,Castro,BR,2021-05-24 03:22:41,-24.7911,-50.0119,46.71,63,0,9.37
63,San Cristobal,VE,2021-05-24 03:22:42,7.7669,-72.225,67.69,90,95,3.11
64,Lompoc,US,2021-05-24 03:22:42,34.6391,-120.4579,62.42,80,90,14.97
65,Port Alfred,ZA,2021-05-24 03:22:42,-33.5906,26.891,64.62,31,7,9.93
66,Yellowknife,CA,2021-05-24 03:19:32,62.456,-114.3525,50.52,62,20,4.0
67,Victoria,HK,2021-05-24 03:18:59,22.2855,114.1577,92.25,76,86,1.99
68,Asau,RO,2021-05-24 03:22:43,46.4333,26.4,56.95,92,51,8.3
69,Bambous Virieux,MU,2021-05-24 03:22:43,-20.3428,57.7575,71.85,77,40,12.46
70,Luderitz,NA,2021-05-24 03:22:44,-26.6481,15.1594,71.56,35,1,7.09
71,Saldanha,ZA,2021-05-24 03:22:44,-33.0117,17.9442,59.05,66,93,11.9
72,Esperance,AU,2021-05-24 03:22:44,-33.8667,121.9,51.64,80,100,22.68
73,Chokurdakh,RU,2021-05-24 03:22:45,70.6333,147.9167,30.13,92,24,2.77
74,Carnarvon,AU,2021-05-24 03:22:45,-24.8667,113.6333,68.07,73,75,12.66
75,Pechenga,RU,2021-05-24 03:22:45,69.5259,31.1703,34.66,81,37,2.66
76,Itarema,BR,2021-05-24 03:22:45,-2.9248,-39.9167,78.76,82,7,11.79
77,Hasaki,JP,2021-05-24 03:22:46,35.7333,140.8333,84.29,72,99,7.56
78,Tessalit,ML,2021-05-24 03:22:46,20.1986,1.0114,92.61,17,53,5.19
79,Sakakah,SA,2021-05-24 03:22:46,29.9697,40.2064,71.17,32,0,6.49
80,Sakaiminato,JP,2021-05-24 03:22:47,35.55,133.2333,69.78,78,90,12.66
81,Tabory,RU,2021-05-24 03:22:47,58.5198,64.5495,60.78,58,100,6.58
82,Puerto Ayora,EC,2021-05-24 03:22:47,-0.7393,-90.3518,73.54,90,24,1.01
83,Saint-Philippe,RE,2021-05-24 03:22:48,-21.3585,55.7679,69.35,83,96,12.03
84,Udachnyy,RU,2021-05-24 03:22:48,66.4167,112.4,51.42,42,26,19.35
85,Bozhou,CN,2021-05-24 03:22:48,33.8772,115.7703,83.48,29,19,8.32
86,Saint-Pierre,RE,2021-05-24 03:22:49,-21.3393,55.4781,69.44,90,90,5.75
87,Khatanga,RU,2021-05-24 03:22:49,71.9667,102.5,40.75,94,100,4.81
88,Upernavik,GL,2021-05-24 03:22:49,72.7868,-56.1549,21.6,92,21,9.31
89,Mahebourg,MU,2021-05-24 03:22:50,-20.4081,57.7,71.89,94,40,6.91
90,Moranbah,AU,2021-05-24 03:22:50,-22.0016,148.0466,77.31,40,0,19.22
91,Ornskoldsvik,SE,2021-05-24 03:22:13,63.2909,18.7153,40.82,86,20,3.4
92,Dalgopol,BG,2021-05-24 03:22:50,43.05,27.35,64.11,84,43,4.32
93,Busselton,AU,2021-05-24 03:22:51,-33.65,115.3333,53.1,59,88,15.97
94,Kloulklubed,PW,2021-05-24 03:22:51,7.0419,134.2556,84.7,75,98,7.61
95,Kenai,US,2021-05-24 03:22:51,60.5544,-151.2583,63.03,36,1,10.36
96,Tuktoyaktuk,CA,2021-05-24 03:22:52,69.4541,-133.0374,33.8,86,20,10.36
97,Thompson,CA,2021-05-24 03:22:52,55.7435,-97.8558,50.16,66,40,6.91
98,Nanortalik,GL,2021-05-24 03:22:52,60.1432,-45.2371,35.47,68,100,9.78
99,San Andres,CO,2021-05-24 03:19:57,12.5847,-81.7006,82.42,83,75,11.5
100,New Norfolk,AU,2021-05-24 03:22:53,-42.7826,147.0587,62.92,55,100,3.31
101,Bethel,US,2021-05-24 03:22:53,41.3712,-73.414,70.0,66,40,16.11
102,Concepcion Del Oro,MX,2021-05-24 03:22:54,24.6333,-101.4167,58.57,69,81,19.44
103,East London,ZA,2021-05-24 03:22:54,-33.0153,27.9116,63.54,36,0,10.36
104,Griffith,US,2021-05-24 03:22:54,41.5284,-87.4237,73.9,89,90,5.75
105,Kruisfontein,ZA,2021-05-24 03:22:54,-34.0033,24.7314,67.89,29,34,11.41
106,Saint George,US,2021-05-24 03:22:55,37.1041,-113.5841,70.39,18,1,1.01
107,Bilibino,RU,2021-05-24 03:22:55,68.0546,166.4372,38.5,68,7,1.52
108,Terekli-Mekteb,RU,2021-05-24 03:22:55,44.1671,45.8698,70.5,83,70,11.86
109,Qaanaaq,GL,2021-05-24 03:22:56,77.484,-69.3632,21.31,76,2,5.32
110,Lunino,RU,2021-05-24 03:22:56,53.5918,45.2271,63.91,93,36,5.17
111,Norman Wells,CA,2021-05-24 03:22:56,65.282,-126.8329,44.64,81,75,12.66
112,Cortez,US,2021-05-24 03:22:57,37.3489,-108.5859,50.76,20,1,5.75
113,Barrow,US,2021-05-24 03:22:57,71.2906,-156.7887,32.02,80,90,21.85
114,Faya,SA,2021-05-24 03:22:57,18.3851,42.4509,66.31,36,0,1.77
115,Jimenez,MX,2021-05-24 03:22:58,28.3333,-105.4,88.54,39,18,7.99
116,Nishihara,JP,2021-05-24 03:22:58,26.1842,127.7558,85.68,77,75,15.84
117,Touros,BR,2021-05-24 03:22:58,-5.1989,-35.4608,76.1,90,15,9.89
118,Atuona,PF,2021-05-24 03:22:58,-9.8,-139.0333,80.49,75,19,19.71
119,Boa Vista,BR,2021-05-24 03:22:59,2.8197,-60.6733,80.58,83,75,8.05
120,Bundaberg,AU,2021-05-24 03:22:59,-24.85,152.35,77.22,62,40,4.0
121,Maldonado,UY,2021-05-24 03:22:59,-34.6667,-54.9167,57.22,88,94,21.0
122,Kiunga,PG,2021-05-24 03:22:59,-6.1219,141.2906,84.7,68,95,5.17
123,Punta Cardon,VE,2021-05-24 03:19:31,11.6581,-70.215,80.08,85,100,29.06
124,Seoul,KR,2021-05-24 03:23:00,37.5683,126.9778,76.39,30,20,5.93
125,Scottsbluff,US,2021-05-24 03:18:31,41.8666,-103.6672,49.32,91,1,1.01
126,Ostrovnoy,RU,2021-05-24 03:23:00,68.0531,39.5131,34.43,64,8,8.32
127,San Patricio,US,2021-05-24 03:23:00,28.017,-97.5169,78.67,88,0,10.38
128,Tomatlan,MX,2021-05-24 03:23:01,19.9333,-105.25,74.93,70,11,1.1
129,Nampula,MZ,2021-05-24 03:23:01,-15.1165,39.2666,64.35,100,75,14.97
130,Cidreira,BR,2021-05-24 03:23:01,-30.1811,-50.2056,56.93,70,57,26.11
131,Auki,SB,2021-05-24 03:23:02,-8.7676,160.7034,82.4,69,100,3.87
132,Tiksi,RU,2021-05-24 03:23:02,71.6872,128.8694,36.97,81,93,12.62
133,Mocuba,MZ,2021-05-24 03:23:03,-16.8392,36.9856,62.01,99,31,4.97
134,Ribeira Grande,PT,2021-05-24 03:23:03,38.5167,-28.7,60.03,63,69,3.69
135,Petropavlovsk-Kamchatskiy,RU,2021-05-24 03:23:03,53.0452,158.6483,52.39,82,100,6.42
136,Vila Franca Do Campo,PT,2021-05-24 03:23:04,37.7167,-25.4333,52.21,79,48,1.19
137,Hamilton,US,2021-05-24 03:18:43,39.1834,-84.5333,75.97,79,90,2.95
138,Zolotukhino,RU,2021-05-24 03:23:04,52.0842,36.3772,51.87,84,78,2.28
139,Upington,ZA,2021-05-24 03:23:04,-28.4478,21.2561,61.18,51,0,13.8
140,Waynesboro,US,2021-05-24 03:23:05,38.0685,-78.8895,75.78,67,1,9.22
141,Saint-Augustin,CA,2021-05-24 03:23:05,51.226,-58.6502,31.41,70,38,14.83
142,Manono,CD,2021-05-24 03:23:05,-7.3,27.4167,66.43,54,81,6.35
143,Turukhansk,RU,2021-05-24 03:23:06,65.8167,87.9833,42.49,85,100,14.99
144,Hilo,US,2021-05-24 03:23:06,19.7297,-155.09,78.53,82,75,9.22
145,Sainte-Anne-Des-Monts,CA,2021-05-24 03:21:25,49.124,-66.4924,42.67,63,96,7.4
146,Santa Rosa,PH,2021-05-24 03:21:16,14.3122,121.1114,93.18,49,0,4.74
147,Poum,NC,2021-05-24 03:21:17,-20.2333,164.0167,73.56,67,31,20.24
148,Kaitangata,NZ,2021-05-24 03:23:07,-46.2817,169.8464,47.93,72,100,4.27
149,Nizwa,OM,2021-05-24 03:23:07,22.9333,57.5333,85.82,39,0,1.5
150,Nikolskoye,RU,2021-05-24 03:23:07,59.7035,30.7861,50.4,95,100,11.97
151,Afsin,TR,2021-05-24 03:23:07,38.2477,36.914,48.72,78,15,4.68
152,Altamira,BR,2021-05-24 03:23:08,-3.2033,-52.2064,75.38,86,82,2.13
153,Georgetown,MY,2021-05-24 03:23:08,5.4112,100.3354,87.89,74,20,1.01
154,Puerto Ayacucho,VE,2021-05-24 03:19:27,5.6639,-67.6236,75.51,94,91,4.68
155,Boguchar,RU,2021-05-24 03:23:08,49.9358,40.545,57.76,81,100,5.12
156,Stonewall,CA,2021-05-24 03:23:09,50.1344,-97.3268,53.71,87,100,9.82
157,Saint-Georges,GD,2021-05-24 03:18:49,12.0564,-61.7485,80.28,78,20,19.57
158,Jiuquan,CN,2021-05-24 03:23:09,39.7432,98.5174,64.94,14,0,3.42
159,Buta,CD,2021-05-24 03:23:10,2.7858,24.73,67.24,99,96,1.32
160,Barahona,DO,2021-05-24 03:23:10,18.2085,-71.1008,78.13,82,2,9.24
161,Plouzane,FR,2021-05-24 03:23:10,48.3833,-4.6167,51.85,79,75,27.02
162,Narsaq,GL,2021-05-24 03:23:10,60.9167,-46.05,41.22,48,100,13.33
163,Piacabucu,BR,2021-05-24 03:23:11,-10.4056,-36.4344,75.24,85,48,5.35
164,Lebu,CL,2021-05-24 03:23:11,-37.6167,-73.65,54.07,82,93,2.86
165,Kiama,AU,2021-05-24 03:23:11,-34.6833,150.8667,65.57,83,58,6.2
166,Nome,US,2021-05-24 03:23:12,64.5011,-165.4064,53.11,70,1,5.75
167,Vredendal,ZA,2021-05-24 03:23:12,-31.6683,18.5012,64.89,26,9,7.29
168,Hithadhoo,MV,2021-05-24 03:23:12,-0.6,73.0833,84.11,69,82,11.5
169,Porto Novo,BJ,2021-05-24 03:21:23,6.4965,2.6036,80.42,80,48,3.4
170,Sal Rei,CV,2021-05-24 03:23:13,16.1833,-22.9167,72.16,80,100,16.89
171,Meulaboh,ID,2021-05-24 03:23:13,4.1363,96.1285,84.36,69,78,1.43
172,Souillac,MU,2021-05-24 03:23:13,-20.5167,57.5167,71.98,82,40,12.08
173,Impfondo,CG,2021-05-24 03:23:13,1.6381,18.0667,69.57,94,64,2.21
174,Puerto Quijarro,BO,2021-05-24 03:23:14,-17.7833,-57.7667,65.79,59,100,2.75
175,Yerbogachen,RU,2021-05-24 03:23:14,61.2767,108.0108,54.91,29,6,7.27
176,Tandalti,SD,2021-05-24 03:19:09,13.0167,31.8667,84.45,14,4,7.9
177,Plymouth,US,2021-05-24 03:23:14,41.8334,-70.8328,65.23,78,75,1.01
178,Leningradskiy,RU,2021-05-24 03:23:15,69.3833,178.4167,33.1,85,58,2.64
179,Saint Anthony,US,2021-05-24 03:23:15,45.0205,-93.218,69.73,87,40,1.99
180,Denizli,TR,2021-05-24 03:23:15,37.8402,29.0698,52.65,49,1,3.31
181,Walvis Bay,NA,2021-05-24 03:23:16,-22.9575,14.5053,76.15,31,1,9.57
182,Mercedes,AR,2021-05-24 03:23:16,-34.6515,-59.4307,48.85,89,2,7.7
183,Tequixquitla,MX,2021-05-24 03:23:16,19.3278,-97.65,59.85,74,35,8.28
184,Shangrao,CN,2021-05-24 03:23:17,28.4532,117.9686,70.03,91,100,2.86
185,Taoudenni,ML,2021-05-24 03:21:08,22.6783,-3.9836,94.87,18,56,3.51
186,Praya,CV,2021-05-24 03:23:17,14.9215,-23.5087,72.14,73,40,14.97
187,Socorro,US,2021-05-24 03:23:18,31.6546,-106.3033,86.9,12,20,10.29
188,Fairbanks,US,2021-05-24 03:23:18,64.8378,-147.7164,58.48,36,1,3.44
189,Wajir,KE,2021-05-24 03:21:07,1.7471,40.0573,73.06,75,64,15.14
190,Faanui,PF,2021-05-24 03:23:18,-16.4833,-151.75,81.19,75,100,8.88
191,Canon City,US,2021-05-24 03:22:19,38.441,-105.2424,65.08,20,1,1.01
192,Isangel,VU,2021-05-24 03:23:18,-19.55,169.2667,78.91,60,40,9.26
193,Lipari,IT,2021-05-24 03:23:19,38.4674,14.954,70.36,74,3,8.19
194,Pando,UY,2021-05-24 03:23:19,-34.7167,-55.95,57.97,82,75,15.28
195,Aljezur,PT,2021-05-24 03:23:19,37.3191,-8.8033,53.4,85,2,9.82
196,Ingham,US,2021-05-24 03:23:20,42.6,-84.3833,62.19,94,90,8.05
197,Svetlyy,RU,2021-05-24 03:23:20,54.675,20.1347,44.65,89,5,9.66
198,Broome,US,2021-05-24 03:23:20,42.2506,-75.833,60.01,90,1,1.01
199,Lewistown,US,2021-05-24 03:23:14,40.5992,-77.5714,76.41,1,20,6.91
200,Dikson,RU,2021-05-24 03:23:21,73.5069,80.5464,27.72,86,49,15.03
201,Talnakh,RU,2021-05-24 03:23:21,69.4865,88.3972,33.19,100,100,6.04
202,Camacupa,AO,2021-05-24 03:21:33,-12.0167,17.4833,50.81,66,4,4.54
203,Portland,US,2021-05-24 03:19:16,45.5234,-122.6762,61.66,66,40,1.01
204,Camana,PE,2021-05-24 03:23:22,-16.6228,-72.7111,65.57,78,100,7.4
205,Mufulira,ZM,2021-05-24 03:23:22,-12.5498,28.2407,47.73,95,13,4.32
206,Katsuura,JP,2021-05-24 03:23:22,35.1333,140.3,83.23,70,96,10.92
207,Amga,RU,2021-05-24 03:23:22,60.8953,131.9608,39.2,96,100,11.01
208,Vancouver,CA,2021-05-24 03:21:36,49.2497,-123.1193,59.27,80,75,1.99
209,Ha Tinh,VN,2021-05-24 03:23:23,18.3333,105.9,88.52,64,100,5.37
210,Payakumbuh,ID,2021-05-24 03:23:23,-0.2202,100.6308,83.62,66,60,1.5
211,Rapid Valley,US,2021-05-24 03:23:23,44.0625,-103.1463,52.65,87,75,8.05
212,Pisco,PE,2021-05-24 03:23:24,-13.7,-76.2167,64.45,82,100,4.61
213,Poplar Bluff,US,2021-05-24 03:21:39,36.757,-90.3929,75.67,83,1,0.0
214,Egvekinot,RU,2021-05-24 03:23:24,66.3167,-179.1667,32.07,96,95,5.48
215,Nioro,GM,2021-05-24 03:23:24,13.35,-15.75,78.44,42,99,6.6
216,Catuday,PH,2021-05-24 03:23:25,16.2923,119.8062,83.75,70,0,5.1
217,Shimoda,JP,2021-05-24 03:23:25,34.6667,138.95,77.16,63,96,10.04
218,Noyabrsk,RU,2021-05-24 03:23:25,63.1994,75.4507,55.6,53,35,20.4
219,Saskylakh,RU,2021-05-24 03:23:25,71.9167,114.0833,38.44,100,100,18.77
220,Mackenzie,CA,2021-05-24 03:23:26,55.2999,-123.1698,68.22,24,1,5.75
221,Undory,RU,2021-05-24 03:23:26,54.6085,48.3928,60.04,92,100,8.81
222,Zhireken,RU,2021-05-24 03:23:26,52.8249,117.3076,42.01,66,100,13.38
223,Kavieng,PG,2021-05-24 03:23:26,-2.5744,150.7967,82.54,77,100,8.12
224,Mardan,PK,2021-05-24 03:22:05,34.2019,72.0525,81.14,40,0,5.17
225,Tynda,RU,2021-05-24 03:23:27,55.1667,124.7167,37.04,99,100,9.42
226,Jega,NG,2021-05-24 03:23:27,12.2175,4.3792,84.42,55,22,12.06
227,Palmer,US,2021-05-24 03:23:28,42.1584,-72.3287,63.21,68,75,8.37
228,Hofn,IS,2021-05-24 03:23:28,64.2539,-15.2082,41.05,77,100,12.44
229,Avera,US,2021-05-24 03:23:28,33.194,-82.5271,77.72,55,29,5.03
230,Poso,ID,2021-05-24 03:23:29,-1.3959,120.7524,83.55,74,94,3.56
231,Port Hawkesbury,CA,2021-05-24 03:23:29,45.6169,-61.3485,41.79,90,75,8.01
232,Alta Floresta,BR,2021-05-24 03:23:30,-9.8756,-56.0861,72.93,89,62,1.66
233,Kaka,TM,2021-05-24 03:23:30,37.3482,59.6143,83.48,11,2,1.66
234,La Florida,CO,2021-05-24 03:23:30,1.2985,-77.4061,56.82,91,78,4.79
235,Kahului,US,2021-05-24 03:23:31,20.8947,-156.47,84.22,73,40,18.41
236,Alice Springs,AU,2021-05-24 03:19:59,-23.7,133.8833,80.15,18,0,11.81
237,Vila Velha,BR,2021-05-24 03:23:20,-20.3297,-40.2925,74.95,87,0,4.0
238,Oni,GE,2021-05-24 03:23:31,42.5794,43.4425,59.18,80,75,0.65
239,Espinal,CO,2021-05-24 03:23:31,4.1492,-74.8843,75.72,85,100,0.76
240,Novaya Zaimka,RU,2021-05-24 03:23:32,56.4857,66.9241,68.45,58,93,2.55
241,Muscat,OM,2021-05-24 03:23:32,23.6139,58.5922,100.42,50,0,2.19
242,Sitka,US,2021-05-24 03:23:32,57.0531,-135.33,51.69,76,75,9.22
243,Airai,TL,2021-05-24 03:23:33,-8.9266,125.4092,74.61,44,34,2.64
244,Sisimiut,GL,2021-05-24 03:23:33,66.9395,-53.6735,30.92,88,100,10.16
245,Morehead,US,2021-05-24 03:23:33,37.2711,-87.1764,70.84,86,1,0.0
246,Camaligan,PH,2021-05-24 03:23:33,13.6224,123.1667,90.54,55,13,1.21
247,Portree,GB,2021-05-24 03:23:34,57.4129,-6.1942,41.86,93,100,5.73
248,Ancud,CL,2021-05-24 03:23:34,-41.8697,-73.8203,52.43,91,100,11.74
249,Berlevag,NO,2021-05-24 03:23:34,70.8578,29.0864,36.05,67,13,3.42
250,Bunia,CD,2021-05-24 03:23:35,1.5667,30.25,60.82,98,38,3.18
251,Shaowu,CN,2021-05-24 03:23:35,27.3409,117.4831,74.07,87,98,3.69
252,Guangyuan,CN,2021-05-24 03:23:35,32.442,105.823,71.8,56,99,4.03
253,Manavalakurichi,IN,2021-05-24 03:23:36,8.1333,77.3,84.29,78,100,14.58
254,Vaitape,PF,2021-05-24 03:23:36,-16.5167,-151.75,81.16,75,100,8.81
255,Pevek,RU,2021-05-24 03:23:36,69.7008,170.3133,32.52,85,10,5.48
256,Port Hardy,CA,2021-05-24 03:23:36,50.6996,-127.4199,50.18,87,90,5.75
257,Solwezi,ZM,2021-05-24 03:23:37,-12.1688,26.3894,46.06,83,0,4.05
258,Rantepao,ID,2021-05-24 03:19:05,-2.9701,119.8978,73.92,86,97,1.95
259,Vardo,NO,2021-05-24 03:23:37,70.3705,31.1107,35.83,67,14,6.44
260,Zapolyarnyy,RU,2021-05-24 03:23:37,69.4154,30.8136,33.08,82,31,2.8
261,Lagoa,PT,2021-05-24 03:23:38,39.05,-27.9833,60.06,65,100,6.42
262,Kedrovyy,RU,2021-05-24 03:23:38,56.1667,91.8167,59.41,82,100,13.31
263,Port Lincoln,AU,2021-05-24 03:23:38,-34.7333,135.8667,73.45,35,100,24.7
264,Severnyy,RU,2021-05-24 03:23:39,50.677,36.5532,53.64,66,0,2.24
265,Itoman,JP,2021-05-24 03:23:39,26.1247,127.6694,86.4,84,20,14.97
266,Kaduna,NG,2021-05-24 03:23:39,10.5222,7.4383,75.43,71,99,2.95
267,Grand Gaube,MU,2021-05-24 03:23:40,-20.0064,57.6608,72.0,81,32,4.0
268,Aklavik,CA,2021-05-24 03:23:40,68.2191,-135.0107,34.52,87,100,18.25
269,Aswan,EG,2021-05-24 03:23:40,24.0934,32.907,74.52,26,0,8.75
270,The Valley,AI,2021-05-24 03:23:41,18.217,-63.0578,82.26,84,100,16.13
271,Omsukchan,RU,2021-05-24 03:23:41,62.5333,155.8,41.77,74,82,4.14
272,Yenagoa,NG,2021-05-24 03:19:04,4.9247,6.2642,76.08,94,66,2.17
273,Hami,CN,2021-05-24 03:23:41,42.8,93.45,73.49,13,0,2.06
274,Oyama,JP,2021-05-24 03:23:41,36.3,139.8,83.89,37,81,3.8
275,Nizhniy Kuranakh,RU,2021-05-24 03:23:42,58.8353,125.4869,38.35,95,100,8.05
276,Nador,MA,2021-05-24 03:23:42,35.174,-2.9287,62.85,54,0,6.71
277,Hanchuan,CN,2021-05-24 03:23:42,30.65,113.7667,73.51,52,33,4.5
278,Deputatskiy,RU,2021-05-24 03:23:43,69.3,139.9,40.41,58,6,6.69
279,Tual,ID,2021-05-24 03:23:43,-5.6667,132.75,79.14,89,100,25.68
280,Los Llanos De Aridane,ES,2021-05-24 03:23:43,28.6585,-17.9182,64.15,70,75,19.82
281,Necochea,AR,2021-05-24 03:23:44,-38.5473,-58.7368,51.04,81,22,8.72
282,Nyurba,RU,2021-05-24 03:23:44,63.2842,118.3319,57.06,24,24,7.16
283,Sangar,RU,2021-05-24 03:23:44,63.9242,127.4739,56.88,30,98,9.66
284,Ndago,TZ,2021-05-24 03:23:45,-4.6,34.35,57.33,80,35,8.52
285,Cabo San Lucas,MX,2021-05-24 03:22:13,22.8909,-109.9124,79.81,67,0,10.85
286,Smithers,CA,2021-05-24 03:23:17,54.7804,-127.1743,59.32,38,40,21.85
287,Dicabisagan,PH,2021-05-24 03:23:45,17.0818,122.4157,89.8,60,1,8.57
288,Bengkulu,ID,2021-05-24 03:23:45,-3.8004,102.2655,83.7,68,98,1.9
289,Soria,ES,2021-05-24 03:23:46,41.6667,-2.6667,41.86,76,0,10.09
290,Ramshir,IR,2021-05-24 03:23:46,30.8946,49.4092,85.86,14,44,5.99
291,Nabire,ID,2021-05-24 03:23:46,-3.3667,135.4833,76.75,95,100,1.39
292,Puerto Narino,CO,2021-05-24 03:23:47,-3.7703,-70.3831,75.15,98,100,1.52
293,Komsomolskiy,UZ,2021-05-24 03:23:47,40.4272,71.7189,75.92,38,100,4.61
294,Puerto Del Rosario,ES,2021-05-24 03:23:47,28.5004,-13.8627,64.15,68,8,25.32
295,Sapouy,BF,2021-05-24 03:23:48,11.5544,-1.7736,81.75,55,61,6.64
296,Cam Ranh,VN,2021-05-24 03:23:48,11.9214,109.1591,87.76,66,40,3.67
297,San Carlos De Bariloche,AR,2021-05-24 03:23:48,-41.1456,-71.3082,47.95,87,40,9.98
298,Presidencia Roque Saenz Pena,AR,2021-05-24 03:23:49,-26.7852,-60.4388,50.92,68,2,4.07
299,Muslyumovo,RU,2021-05-24 03:23:49,55.3033,53.1947,71.2,48,19,12.08
300,Holme,DK,2021-05-24 03:23:49,56.1138,10.1725,45.75,88,100,7.16
301,Derzhavinsk,KZ,2021-05-24 03:23:50,51.1,66.3167,80.22,26,6,2.86
302,Eydhafushi,MV,2021-05-24 03:23:50,5.1033,73.0708,83.66,77,57,18.95
303,Kalmunai,LK,2021-05-24 03:23:51,7.4167,81.8167,85.01,68,80,1.92
304,Alihe,CN,2021-05-24 03:23:51,50.5667,123.7167,45.14,72,100,6.67
305,Yantal,RU,2021-05-24 03:23:51,56.8471,105.2542,59.9,27,42,0.94
306,Banda,IN,2021-05-24 03:23:51,25.4833,80.3333,93.42,30,0,10.09
307,Severo-Kurilsk,RU,2021-05-24 03:23:52,50.6789,156.125,45.23,64,74,14.5
308,Tomakomai,JP,2021-05-24 03:23:52,42.6369,141.6033,66.15,88,75,1.14
309,Valdivia,CL,2021-05-24 03:23:53,-39.8142,-73.2459,50.09,99,86,0.92
310,Lypova Dolyna,UA,2021-05-24 03:23:53,50.5643,33.7979,54.27,74,100,7.29
311,Chongwe,ZM,2021-05-24 03:23:53,-15.3292,28.682,54.7,95,26,6.04
312,Erdenet,MN,2021-05-24 03:23:54,49.0333,104.0833,44.94,44,77,10.02
313,Grindavik,IS,2021-05-24 03:23:54,63.8424,-22.4338,42.75,74,0,4.68
314,Miramar,US,2021-05-24 03:22:59,25.9873,-80.2323,77.02,67,90,4.61
315,Muravlenko,RU,2021-05-24 03:23:54,63.7898,74.523,52.75,59,9,25.95
316,Knokke-Heist,BE,2021-05-24 03:23:54,51.3333,3.3333,52.05,88,100,13.0
317,Vysokogornyy,RU,2021-05-24 03:23:55,50.1167,139.15,70.41,36,88,12.95
318,Xai-Xai,MZ,2021-05-24 03:23:55,-25.0519,33.6442,62.76,78,1,1.61
319,Reconquista,AR,2021-05-24 03:23:55,-29.15,-59.65,48.78,82,0,6.06
320,Rosario,AR,2021-05-24 03:23:56,-32.9468,-60.6393,46.83,88,0,1.99
321,Kindu,CD,2021-05-24 03:23:56,-2.95,25.95,69.78,99,100,1.77
322,Yeppoon,AU,2021-05-24 03:23:56,-23.1333,150.7333,78.58,67,19,15.84
323,Mogadishu,SO,2021-05-24 03:23:57,2.0371,45.3438,78.46,80,15,17.65
324,Lata,PT,2021-05-24 03:23:57,40.1629,-8.3327,58.82,89,98,2.98
325,Port Elizabeth,ZA,2021-05-24 03:23:57,-33.918,25.5701,69.1,66,0,3.44
326,Rehoboth,NA,2021-05-24 03:23:58,-23.3167,17.0833,53.76,49,0,4.65
327,Salalah,OM,2021-05-24 03:23:58,17.0151,54.0924,84.29,74,75,2.3
328,Iskateley,RU,2021-05-24 03:23:58,67.6803,53.1512,35.35,55,10,6.82
329,Radishchevo,RU,2021-05-24 03:23:59,52.85,47.8833,64.49,90,100,11.63
330,Iquique,CL,2021-05-24 03:23:58,-20.2208,-70.1431,62.64,76,72,0.67
331,Rantauprapat,ID,2021-05-24 03:23:59,2.1,99.8333,88.09,62,54,1.86
332,Guerrero Negro,MX,2021-05-24 03:23:59,27.9769,-114.0611,60.55,80,10,14.88
333,Parksville,CA,2021-05-24 03:24:00,49.3163,-124.3195,59.7,80,76,4.56
334,Shakawe,BW,2021-05-24 03:24:00,-18.3667,21.85,50.38,69,0,5.06
335,Road Town,VG,2021-05-24 03:23:15,18.4167,-64.6167,78.89,79,38,16.2
336,Manakara,MG,2021-05-24 03:24:00,-22.1333,48.0167,64.38,83,21,3.33
337,Zaoyang,CN,2021-05-24 03:24:01,32.1272,112.7542,78.22,39,72,5.73
338,Veraval,IN,2021-05-24 03:24:01,20.9,70.3667,85.12,68,23,7.87
339,Kodiak,US,2021-05-24 03:23:56,57.79,-152.4072,56.71,51,1,4.61
340,Mount Isa,AU,2021-05-24 03:24:01,-20.7333,139.5,82.17,36,0,11.5
341,Ombessa,CM,2021-05-24 03:24:02,4.603,11.2565,69.24,98,88,1.77
342,Biltine,TD,2021-05-24 03:24:02,14.5333,20.9167,81.43,14,34,9.28
343,Dublin,US,2021-05-24 03:24:02,37.7021,-121.9358,65.88,64,1,4.0
344,Cayenne,GF,2021-05-24 03:24:03,4.9333,-52.3333,78.1,90,75,8.32
345,Lazurne,UA,2021-05-24 03:24:03,46.084,32.5295,57.65,80,22,12.71
346,Codrington,AU,2021-05-24 03:24:04,-38.2667,141.9667,66.99,48,92,17.72
347,Axim,GH,2021-05-24 03:24:04,4.8699,-2.2405,78.89,86,72,5.99
348,Kugulta,RU,2021-05-24 03:24:05,45.3636,42.3889,64.98,98,100,5.75
349,Shirgaon,IN,2021-05-24 03:24:05,19.7,72.7,87.82,72,25,10.25
350,Avarua,CK,2021-05-24 03:24:05,-21.2078,-159.775,80.65,89,90,12.66
351,Neiafu,TO,2021-05-24 03:24:05,-18.65,-173.9833,83.08,78,40,8.05
352,Hirara,JP,2021-05-24 03:24:06,24.8,125.2833,89.87,66,20,17.27
353,Port Augusta,AU,2021-05-24 03:24:06,-32.5,137.7667,80.71,25,100,26.44
354,Razole,IN,2021-05-24 03:24:07,16.4833,81.8333,84.49,69,100,6.69
355,Baruun-Urt,MN,2021-05-24 03:24:07,46.6806,113.2792,47.52,27,81,17.63
356,Alta Gracia,AR,2021-05-24 03:24:07,-31.6529,-64.4283,44.89,42,1,3.78
357,Alboraya,ES,2021-05-24 03:24:08,39.5,-0.35,57.78,95,20,5.99
358,Vanavara,RU,2021-05-24 03:24:08,60.34,102.2797,58.48,38,16,11.86
359,Port Hedland,AU,2021-05-24 03:24:08,-20.3167,118.5667,84.25,30,92,14.97
360,Kathu,TH,2021-05-24 03:24:08,7.9178,98.3332,90.63,70,95,11.68
361,Burnie,AU,2021-05-24 03:24:09,-41.0667,145.9167,59.94,88,100,10.38
362,Osypenko,UA,2021-05-24 03:24:09,46.9136,36.8253,64.83,70,42,2.8
363,Vrbove,SK,2021-05-24 03:24:09,48.6197,17.7226,46.96,100,90,2.3
364,Atar,MR,2021-05-24 03:24:10,20.5169,-13.0499,84.6,23,3,2.01
365,Tuatapere,NZ,2021-05-24 03:24:10,-46.1333,167.6833,49.82,68,16,4.45
366,Vostok,RU,2021-05-24 03:24:10,46.4856,135.8833,56.5,81,100,6.31
367,Sept-Iles,CA,2021-05-24 03:20:03,50.2001,-66.3821,41.43,62,1,1.01
368,Cabanas,CU,2021-05-24 03:24:11,22.9758,-82.9219,75.67,75,62,15.7
369,Jacksonville Beach,US,2021-05-24 03:19:13,30.2947,-81.3931,74.03,69,1,9.19
370,Vung Tau,VN,2021-05-24 03:24:11,10.346,107.0843,79.27,88,100,14.88
371,Bubaque,GW,2021-05-24 03:24:12,11.2833,-15.8333,78.58,73,77,13.71
372,Camargo,MX,2021-05-24 03:24:12,27.6667,-105.1667,73.51,43,81,17.0
373,Harper,LR,2021-05-24 03:24:12,4.375,-7.7169,79.54,85,52,2.46
374,Domat,CH,2021-05-24 03:24:13,46.8348,9.4508,49.55,91,100,7.49
375,Lasa,IT,2021-05-24 03:24:13,46.6166,10.7002,49.08,95,97,2.44
376,Sao Joao Do Paraiso,BR,2021-05-24 03:24:13,-15.3136,-42.0144,65.25,54,34,2.59
377,Inhambane,MZ,2021-05-24 03:21:29,-23.865,35.3833,58.98,82,20,4.61
378,Hervey Bay,AU,2021-05-24 03:24:14,-25.2986,152.8535,77.04,71,47,5.01
379,Mecca,SA,2021-05-24 03:20:31,21.4267,39.8261,83.16,48,14,1.99
380,Grand-Santi,GF,2021-05-24 03:24:14,4.25,-54.3833,73.83,100,100,2.21
381,Amapa,BR,2021-05-24 03:24:14,1.0,-52.0,72.5,99,100,2.17
382,Russell,US,2021-05-24 03:24:15,32.3502,-85.1999,76.6,63,1,2.08
383,Ust-Maya,RU,2021-05-24 03:24:15,60.4167,134.5333,39.79,86,100,11.79
384,Cabinda,AO,2021-05-24 03:24:15,-5.55,12.2,76.69,90,99,5.08
385,Mareeba,AU,2021-05-24 03:24:15,-17.0,145.4333,70.32,61,78,10.87
386,Cloquet,US,2021-05-24 03:24:16,46.7216,-92.4594,40.98,91,90,6.91
387,Enugu,NG,2021-05-24 03:24:16,6.4402,7.4943,74.39,91,99,3.96
388,Coahuayana,MX,2021-05-24 03:24:16,18.7333,-103.6833,75.61,81,13,0.56
389,Songjianghe,CN,2021-05-24 03:24:17,42.1859,127.479,61.12,20,35,14.97
390,Maningrida,AU,2021-05-24 03:24:17,-12.0667,134.2667,86.68,52,89,10.74
391,Havre-Saint-Pierre,CA,2021-05-24 03:24:17,50.2334,-63.5986,35.96,69,1,8.05
392,Jalu,LY,2021-05-24 03:24:18,29.0331,21.5482,70.9,21,0,9.57
393,Darnah,LY,2021-05-24 03:24:18,32.767,22.6367,66.02,57,0,9.28
394,Cururupu,BR,2021-05-24 03:24:18,-1.8283,-44.8683,76.51,91,100,3.11
395,Wufeng,CN,2021-05-24 03:24:19,27.45,104.8333,47.91,93,100,2.3
396,Paita,PE,2021-05-24 03:24:19,-5.0892,-81.1144,67.73,85,5,11.54
397,Patea,NZ,2021-05-24 03:24:19,-39.7583,174.4833,56.61,66,100,21.68
398,Corralillo,CU,2021-05-24 03:24:20,22.9819,-80.5856,76.24,74,82,15.68
399,Buraydah,SA,2021-05-24 03:24:20,26.326,43.975,82.85,23,59,9.89
400,Honiara,SB,2021-05-24 03:24:20,-9.4333,159.95,83.17,75,100,5.26
401,Okhotsk,RU,2021-05-24 03:24:21,59.3833,143.3,36.95,82,100,7.23
402,Mednogorsk,RU,2021-05-24 03:24:21,51.4128,57.595,74.14,40,4,4.21
403,Tashara,RU,2021-05-24 03:24:21,55.5195,83.5094,64.24,78,100,7.2
404,Muros,ES,2021-05-24 03:24:22,42.7762,-9.0603,57.24,81,70,11.41
405,Jumla,NP,2021-05-24 03:24:22,29.2747,82.1838,65.84,47,0,1.36
406,Thinadhoo,MV,2021-05-24 03:24:22,0.5333,72.9333,84.31,72,84,12.62
407,Ciudad Bolivar,VE,2021-05-24 03:24:23,8.1222,-63.5497,79.84,78,80,13.73
408,Jalingo,NG,2021-05-24 03:24:23,8.8833,11.3667,78.64,80,98,4.12
409,Caravelas,BR,2021-05-24 03:24:23,-17.7125,-39.2481,74.75,91,49,8.79
410,Mattru,SL,2021-05-24 03:24:23,7.6244,-11.8332,76.14,93,99,1.68
411,Montrose,US,2021-05-24 03:24:24,38.4166,-108.2673,49.41,24,0,7.81
412,Sironko,UG,2021-05-24 03:24:24,1.2313,34.2477,66.49,76,62,3.4
413,Dhidhdhoo,MV,2021-05-24 03:24:24,6.8833,73.1,83.21,78,100,17.52
414,Mayo,US,2021-05-24 03:24:25,38.8876,-76.5119,83.28,66,1,10.49
415,Chuy,UY,2021-05-24 03:24:25,-33.6971,-53.4616,55.13,85,100,19.46
416,Charters Towers,AU,2021-05-24 03:24:25,-20.1,146.2667,77.74,44,4,15.26
417,Vrangel,RU,2021-05-24 03:24:25,42.7297,133.0839,55.27,87,100,3.78
418,Greystones,IE,2021-05-24 03:24:26,53.1408,-6.0631,42.78,82,13,4.21
419,Seydi,TM,2021-05-24 03:24:26,39.4816,62.9137,84.2,15,0,3.38
420,Bilma,NE,2021-05-24 03:24:26,18.6853,12.9164,86.99,10,0,6.89
421,Camacha,PT,2021-05-24 03:24:27,33.0833,-16.3333,60.22,63,40,13.8
422,Usogorsk,RU,2021-05-24 03:24:27,63.4106,48.6872,45.48,65,100,9.98
423,Massakory,TD,2021-05-24 03:24:27,12.996,15.7293,83.98,12,6,6.78
424,Teahupoo,PF,2021-05-24 03:23:09,-17.8333,-149.2667,76.96,71,52,4.25
425,Atkarsk,RU,2021-05-24 03:24:28,51.8718,45.0078,61.77,90,93,11.7
426,Thaton,MM,2021-05-24 03:24:28,16.9206,97.3714,83.17,77,71,7.49
427,Ahuimanu,US,2021-05-24 03:24:28,21.4447,-157.8378,83.91,73,90,5.75
428,Hay River,CA,2021-05-24 03:24:29,60.8156,-115.7999,51.78,58,20,6.91
429,La Rioja,ES,2021-05-24 03:24:29,42.25,-2.5,43.05,68,0,6.96
430,Bell Ville,AR,2021-05-24 03:24:29,-32.6259,-62.6887,48.6,57,0,5.46
431,Kafr Sawm,JO,2021-05-24 03:24:30,32.6833,35.8,57.09,89,15,4.85
432,Berezovyy,RU,2021-05-24 03:24:30,51.6667,135.7,42.1,90,100,5.64
433,Tilichiki,RU,2021-05-24 03:24:30,60.4667,166.1,36.19,83,100,10.89
434,Yen Bai,VN,2021-05-24 03:24:31,21.7,104.8667,85.12,72,100,3.65
435,Husavik,IS,2021-05-24 03:24:31,66.0449,-17.3389,40.91,89,100,6.53
436,Chimoio,MZ,2021-05-24 03:24:31,-19.1164,33.4833,53.46,98,28,4.59
437,Barroquinha,BR,2021-05-24 03:24:32,-3.0189,-41.1361,72.1,93,29,4.56
438,Lyngdal,NO,2021-05-24 03:24:32,58.1376,7.07,45.9,87,42,3.69
439,Biak,ID,2021-05-24 03:24:32,-0.9131,122.8766,81.12,74,97,8.05
440,Krasnyy Chikoy,RU,2021-05-24 03:24:32,50.3643,108.7512,49.82,36,35,15.64
441,Saryg-Sep,RU,2021-05-24 03:24:33,51.5,95.6,48.34,88,100,0.89
442,Tadine,NC,2021-05-24 03:24:33,-21.55,167.8833,74.7,52,36,14.92
443,Laguna,US,2021-05-24 03:20:57,38.421,-121.4238,77.14,48,1,4.0
444,The Pas,CA,2021-05-24 03:24:33,53.8251,-101.2541,48.22,80,1,7.52
445,Panjakent,TJ,2021-05-24 03:24:34,39.4952,67.6093,67.8,26,16,4.92
446,Dingle,PH,2021-05-24 03:24:34,10.9995,122.6711,88.93,59,15,5.73
447,Bonnyville,CA,2021-05-24 03:24:34,54.2668,-110.735,61.92,70,93,6.13
448,Mount Gambier,AU,2021-05-24 03:23:07,-37.8333,140.7667,65.3,48,100,13.18
449,Manta,EC,2021-05-24 03:24:35,-0.95,-80.7333,74.98,83,75,6.91
450,Verkhoyansk,RU,2021-05-24 03:24:35,67.5447,133.385,55.18,29,7,7.27
451,Maragogi,BR,2021-05-24 03:24:35,-9.0122,-35.2225,76.69,85,79,9.57
452,Broken Hill,AU,2021-05-24 03:24:36,-31.95,141.4333,73.11,33,100,20.71
453,Provideniya,RU,2021-05-24 03:24:36,64.3833,-173.3,35.71,75,90,13.42
454,Bohicon,BJ,2021-05-24 03:24:36,7.1783,2.0667,74.07,87,39,3.53
455,Ko Samui,TH,2021-05-24 03:24:36,9.5357,99.9357,89.51,72,20,14.61
456,Lorengau,PG,2021-05-24 03:24:37,-2.0226,147.2712,85.84,70,96,8.81
457,Fuling,CN,2021-05-24 03:24:37,29.7022,107.3919,63.73,95,100,2.86
458,Preobrazheniye,RU,2021-05-24 03:24:37,42.9019,133.9064,52.03,96,100,10.25
459,Aitape,PG,2021-05-24 03:24:38,-3.1374,142.3475,83.79,77,100,3.69
460,Zhigansk,RU,2021-05-24 03:24:38,66.7697,123.3711,49.8,34,0,8.79
461,Weinan,CN,2021-05-24 03:24:38,34.5036,109.5089,74.89,20,0,9.51
462,Shingu,JP,2021-05-24 03:24:39,33.7333,135.9833,71.91,71,100,4.94
463,Naze,JP,2021-05-24 03:24:39,28.3667,129.4833,77.92,83,94,18.97
464,Conde,BR,2021-05-24 03:23:10,-7.2597,-34.9075,74.66,89,75,6.89
465,Kattivakkam,IN,2021-05-24 03:24:39,13.2167,80.3167,87.89,55,100,12.84
466,Khasan,RU,2021-05-24 03:24:40,42.4308,130.6434,59.59,68,27,10.36
467,Krasnoselkup,RU,2021-05-24 03:24:40,65.7,82.4667,55.92,67,18,15.97
468,Krasnystaw,PL,2021-05-24 03:24:40,50.9846,23.1742,48.4,94,45,6.29
469,Peyima,SL,2021-05-24 03:24:40,8.7,-11.0333,70.41,96,100,0.78
470,Salamiyah,SY,2021-05-24 03:24:41,35.0113,37.0532,59.16,67,9,6.11
471,Monzon,ES,2021-05-24 03:24:41,41.9108,0.1941,55.54,66,98,3.51
472,Acapulco,MX,2021-05-24 03:21:28,16.8634,-99.8901,82.33,66,1,5.21
473,Corrente,BR,2021-05-24 03:24:41,-3.7367,-43.3394,73.15,82,17,2.95
474,Fortuna,US,2021-05-24 03:23:25,40.5982,-124.1573,54.93,61,75,1.01
475,Edd,ER,2021-05-24 03:24:42,13.9297,41.6925,88.29,46,19,5.03
476,Kavaratti,IN,2021-05-24 03:24:42,10.5669,72.642,83.41,71,60,7.56
477,Casablanca,MA,2021-05-24 03:22:32,33.5928,-7.6192,64.33,48,0,13.0
478,Polyarnyye Zori,RU,2021-05-24 03:24:42,67.3661,32.4981,35.89,100,100,7.4
479,Nicoya,CR,2021-05-24 03:24:43,10.1483,-85.452,78.35,83,100,6.13
480,Nara,JP,2021-05-24 03:24:43,34.6851,135.8049,76.32,78,100,0.45
481,Trincomalee,LK,2021-05-24 03:24:43,8.5711,81.2335,85.78,73,89,22.77
482,Rochester,US,2021-05-24 03:24:44,43.1548,-77.6156,58.64,73,100,3.29
483,Manokwari,ID,2021-05-24 03:24:44,-0.8667,134.0833,81.55,81,100,9.48
484,Toora-Khem,RU,2021-05-24 03:24:44,52.4675,96.11,47.37,94,100,4.52
485,La Ronge,CA,2021-05-24 03:24:45,55.1001,-105.2842,52.05,66,75,5.75
486,Waingapu,ID,2021-05-24 03:24:45,-9.6567,120.2641,84.74,64,29,10.27
487,Kibaya,TZ,2021-05-24 03:24:45,-5.3,36.5667,50.77,96,9,2.93
488,Clyde River,CA,2021-05-24 03:24:46,70.4692,-68.5914,19.63,93,90,23.02
489,Haines Junction,CA,2021-05-24 03:24:46,60.7522,-137.5108,46.35,57,100,14.97
490,Nisia Floresta,BR,2021-05-24 03:24:46,-6.0911,-35.2086,77.38,94,56,5.41
491,Tezu,IN,2021-05-24 03:24:47,27.9167,96.1667,92.12,46,4,3.02
492,Agirish,RU,2021-05-24 03:24:47,61.9247,63.0231,60.39,47,87,3.62
493,Luanda,AO,2021-05-24 03:24:18,-8.8368,13.2343,77.0,94,75,5.75
494,Roald,NO,2021-05-24 03:24:47,62.5833,6.1333,49.33,100,90,5.75
495,Rawson,AR,2021-05-24 03:24:48,-43.3002,-65.1023,55.45,61,74,12.86
496,Kitimat,CA,2021-05-24 03:24:48,54.0524,-128.6534,58.91,61,98,2.75
497,Emba,KZ,2021-05-24 03:24:48,48.8264,58.1442,78.66,33,0,10.63
498,Rebrikha,RU,2021-05-24 03:24:48,53.0733,82.3408,70.81,59,100,7.7
499,Rio Grande,BR,2021-05-24 03:24:49,-32.035,-52.0986,55.94,75,99,27.45
500,Adrar,MR,2021-05-24 03:24:49,20.5022,-10.0711,89.01,22,68,10.42
501,Atlantic City,US,2021-05-24 03:24:49,39.3643,-74.4229,81.48,79,20,13.44
502,Tirumullaivasal,IN,2021-05-24 03:24:50,11.2333,79.8333,87.13,62,97,13.78
503,Sena Madureira,BR,2021-05-24 03:24:50,-9.0656,-68.6569,73.53,98,67,2.28
504,Sao Filipe,CV,2021-05-24 03:24:50,14.8961,-24.4956,71.71,83,15,7.25
505,Panzhihua,CN,2021-05-24 03:24:51,26.5851,101.7128,76.64,57,92,4.61
506,Magdagachi,RU,2021-05-24 03:24:51,53.45,125.8,51.96,61,100,13.18
507,Boffa,GN,2021-05-24 03:24:51,10.1667,-14.0333,80.01,81,54,1.86
508,Pringsewu,ID,2021-05-24 03:24:51,-5.3582,104.9744,87.22,61,82,1.57
509,Fukue,JP,2021-05-24 03:24:52,32.6881,128.8419,68.36,88,75,11.5
510,Xining,CN,2021-05-24 03:24:52,36.6167,101.7667,53.51,45,31,1.57
511,Maun,BW,2021-05-24 03:24:52,-19.9833,23.4167,53.56,76,0,5.75
512,Savannakhet,LA,2021-05-24 03:24:53,16.566,104.751,87.82,74,40,2.3
513,Mineros,BO,2021-05-24 03:24:53,-17.1167,-63.2333,65.79,27,100,9.53
514,Hit,IQ,2021-05-24 03:24:53,33.6416,42.8251,75.85,28,8,2.8
515,Ramhormoz,IR,2021-05-24 03:24:53,31.28,49.6035,84.27,15,0,5.68
516,Cap-Aux-Meules,CA,2021-05-24 03:24:54,47.3821,-61.8597,42.82,81,9,21.85
517,Nalut,LY,2021-05-24 03:24:54,30.3333,10.85,81.75,23,88,8.46
518,Comodoro Rivadavia,AR,2021-05-24 03:24:54,-45.8667,-67.5,57.06,58,0,10.36
519,Te Anau,NZ,2021-05-24 03:24:55,-45.4167,167.7167,47.64,72,15,2.91
520,Austin,US,2021-05-24 03:23:41,30.2672,-97.7431,71.87,94,90,1.99
521,Behshahr,IR,2021-05-24 03:24:55,36.6923,53.5526,73.35,54,100,5.66
522,Corbelia,BR,2021-05-24 03:24:55,-24.7989,-53.3067,50.77,75,46,6.26
523,Brigantine,US,2021-05-24 03:21:13,39.4101,-74.3646,80.87,80,20,12.95
524,Tivaouane,SN,2021-05-24 03:24:56,14.9515,-16.8129,68.34,95,9,10.04
525,Coihaique,CL,2021-05-24 03:24:56,-45.5752,-72.0662,55.35,50,75,11.5
526,Hovd,MN,2021-05-24 03:24:56,48.0056,91.6419,61.36,30,2,3.15
527,Morondava,MG,2021-05-24 03:24:57,-20.2833,44.2833,65.08,70,0,7.34
528,Sosva,RU,2021-05-24 03:24:57,59.1766,61.8558,56.48,76,100,6.02
529,Senador Jose Porfirio,BR,2021-05-24 03:24:57,-2.5908,-51.9542,76.05,90,61,2.44
530,Launceston,AU,2021-05-24 03:24:58,-41.45,147.1667,60.15,65,75,6.87
531,Dakar,SN,2021-05-24 03:21:30,14.6937,-17.4441,68.88,91,13,13.62
532,Gogrial,SS,2021-05-24 03:24:58,8.5332,28.1004,79.59,65,100,7.29
533,Veracruz,MX,2021-05-24 03:24:58,19.3333,-96.6667,77.86,87,49,1.59
534,Rivne,UA,2021-05-24 03:24:58,50.6231,26.2274,52.05,93,0,4.47
535,Jibuti,DJ,2021-05-24 03:24:59,11.5,42.5,78.22,55,54,7.31
536,Swan Hill,AU,2021-05-24 03:24:59,-35.3378,143.5544,68.81,40,100,14.2
537,Salinas,US,2021-05-24 03:25:00,36.6777,-121.6555,64.65,67,1,10.36
538,Katobu,ID,2021-05-24 03:25:00,-4.9408,122.5276,85.93,65,74,1.36
539,Muroto,JP,2021-05-24 03:25:00,33.2833,134.15,64.44,76,100,8.43
540,Dunedin,NZ,2021-05-24 03:25:00,-45.8742,170.5036,46.8,76,100,8.01
541,Zemio,CF,2021-05-24 03:25:01,5.0314,25.1361,68.65,98,100,2.89
542,Taldan,RU,2021-05-24 03:25:01,53.6667,124.8,49.69,75,99,10.94
543,Takaka,NZ,2021-05-24 03:25:01,-40.85,172.8,61.38,55,5,7.76
544,Zabid,YE,2021-05-24 03:25:03,14.1951,43.3152,85.19,59,42,8.77
545,Nuuk,GL,2021-05-24 03:25:03,64.1835,-51.7216,27.21,93,75,5.75
546,Kasongo-Lunda,CD,2021-05-24 03:25:03,-6.4667,16.8167,70.14,72,100,0.67
547,Lagunillas,VE,2021-05-24 03:25:04,10.1301,-71.2595,80.87,81,100,1.9
548,Myitkyina,MM,2021-05-24 03:25:04,25.3833,97.4,85.93,67,75,0.92
549,Zyryanka,RU,2021-05-24 03:25:04,65.75,150.85,56.68,36,2,1.7
550,Asfi,MA,2021-05-24 03:25:05,32.2994,-9.2372,59.56,67,22,23.58
551,Margate,GB,2021-05-24 03:25:05,51.3813,1.3862,50.31,80,100,3.0
552,Camocim,BR,2021-05-24 03:25:06,-2.9022,-40.8411,76.62,87,17,10.56
553,Batie,BF,2021-05-24 03:25:06,9.8833,-2.9167,78.91,64,20,4.23
554,Lima,PE,2021-05-24 03:22:52,-12.0432,-77.0282,62.85,77,0,9.22
555,Wageningen,NL,2021-05-24 03:25:06,51.9667,5.6667,56.16,74,75,3.0
556,Lake City,US,2021-05-24 03:25:06,30.1897,-82.6393,73.0,68,1,3.44
557,Fallon,US,2021-05-24 03:25:07,39.4735,-118.7774,62.38,47,75,5.75
558,Aksha,RU,2021-05-24 03:25:07,50.2814,113.2867,48.07,37,99,18.23
559,Bergerac,FR,2021-05-24 03:25:07,44.8333,0.5,52.54,93,0,4.61
560,Pacific Grove,US,2021-05-24 03:25:08,36.6177,-121.9166,64.24,84,75,3.0
561,Chunhuhub,MX,2021-05-24 03:25:08,19.55,-88.6833,72.99,97,94,2.93
562,West Wendover,US,2021-05-24 03:21:17,40.7391,-114.0733,47.41,66,90,8.05
563,Namatanai,PG,2021-05-24 03:25:08,-3.6667,152.4333,83.57,73,100,5.41
564,Itapirapua,BR,2021-05-24 03:20:29,-15.8233,-50.6133,72.88,76,100,5.55
565,Zhuhai,CN,2021-05-24 03:25:09,22.2769,113.5678,90.99,66,40,7.25
566,Darhan,MN,2021-05-24 03:25:09,49.4867,105.9228,51.28,26,6,7.9
567,Labuhan,ID,2021-05-24 03:25:09,-6.8844,112.2051,85.51,67,55,6.98
568,Buzdyak,RU,2021-05-24 03:25:10,54.5833,54.55,74.71,37,13,14.74
569,Trairi,BR,2021-05-24 03:20:27,-3.2778,-39.2689,78.15,83,7,8.25
570,Tsaratanana,MG,2021-05-24 03:25:10,-16.7833,47.65,62.24,85,15,6.91
571,Fort-Shevchenko,KZ,2021-05-24 03:25:10,44.5086,50.263,77.29,32,0,8.7
572,Aktash,RU,2021-05-24 03:25:11,50.3,87.7333,50.47,44,84,4.0
573,Gravdal,NO,2021-05-24 03:25:11,68.1214,13.5031,42.06,62,97,9.01
