City_ID,City,Country,Date,Lat,Lng,Max Temp,Humidity,Cloudiness,Wind Speed,Current Description
0,Ushuaia,AR,2021-05-24 02:03:08,-54.8,-68.3,39.7,98,100,3.8,overcast clouds
1,Dryden,CA,2021-05-24 02:03:53,49.7833,-92.7503,45.93,63,100,7.09,overcast clouds
2,Fortuna,US,2021-05-24 02:03:53,40.5982,-124.1573,59.94,62,1,1.99,clear sky
3,Komsomolskiy,UZ,2021-05-24 02:03:53,40.4272,71.7189,71.02,52,100,6.91,overcast clouds
4,Castro,BR,2021-05-24 02:00:56,-24.7911,-50.0119,47.39,61,0,8.68,clear sky
5,Bluff,NZ,2021-05-24 02:01:08,-46.6,168.3333,49.8,63,99,8.25,overcast clouds
6,Yarada,IN,2021-05-24 02:03:54,17.65,83.2667,86.32,51,90,4.43,overcast clouds
7,Busselton,AU,2021-05-24 02:03:54,-33.65,115.3333,51.04,62,86,16.64,overcast clouds
8,Bethel,US,2021-05-24 02:03:54,41.3712,-73.414,73.09,67,75,17.27,broken clouds
9,Aginskoye,RU,2021-05-24 02:03:55,51.1,114.53,45.79,43,99,19.66,overcast clouds
10,Albany,US,2021-05-24 02:03:55,42.6001,-73.9662,60.46,69,92,8.75,overcast clouds
11,Bosaso,SO,2021-05-24 02:02:17,11.2842,49.1816,86.25,60,73,5.5,broken clouds
12,Auki,SB,2021-05-24 02:03:56,-8.7676,160.7034,80.91,74,100,4.83,overcast clouds
13,Yellowknife,CA,2021-05-24 02:01:27,62.456,-114.3525,55.33,68,25,5.99,scattered clouds
14,Cidreira,BR,2021-05-24 02:03:57,-30.1811,-50.2056,57.22,68,77,26.24,broken clouds
15,Qaanaaq,GL,2021-05-24 02:03:57,77.484,-69.3632,22.68,77,2,5.03,clear sky
16,Avarua,CK,2021-05-24 02:03:57,-21.2078,-159.775,80.65,89,90,12.66,light rain
17,Tessalit,ML,2021-05-24 02:03:58,20.1986,1.0114,93.87,17,67,7.25,broken clouds
18,Hasaki,JP,2021-05-24 02:03:58,35.7333,140.8333,82.18,74,100,6.6,overcast clouds
19,Iqaluit,CA,2021-05-24 02:03:58,63.7506,-68.5145,17.33,67,75,13.0,broken clouds
20,Broken Hill,AU,2021-05-24 02:03:59,-31.95,141.4333,70.61,38,100,22.84,overcast clouds
21,Barrow,US,2021-05-24 02:03:59,71.2906,-156.7887,32.02,80,90,19.57,overcast clouds
22,Myrtle Beach,US,2021-05-24 01:59:48,33.6891,-78.8867,78.12,76,71,1.01,broken clouds
23,Rikitea,PF,2021-05-24 02:03:59,-23.1203,-134.9692,74.95,74,49,5.03,scattered clouds
24,Aklavik,CA,2021-05-24 02:04:00,68.2191,-135.0107,37.92,86,100,18.9,overcast clouds
25,Arraial Do Cabo,BR,2021-05-24 02:04:00,-22.9661,-42.0278,74.75,79,100,7.52,light rain
26,Dikson,RU,2021-05-24 02:04:00,73.5069,80.5464,27.63,88,50,14.32,scattered clouds
27,Manokwari,ID,2021-05-24 02:04:01,-0.8667,134.0833,81.48,81,100,8.1,overcast clouds
28,Mataura,NZ,2021-05-24 02:04:01,-46.1927,168.8643,49.48,69,43,2.51,scattered clouds
29,Aseri,EE,2021-05-24 02:04:01,59.4506,26.8675,46.0,84,95,14.97,overcast clouds
30,Chuy,UY,2021-05-24 02:04:02,-33.6971,-53.4616,55.0,86,100,20.83,overcast clouds
31,Puerto Ayora,EC,2021-05-24 02:04:02,-0.7393,-90.3518,74.55,90,24,3.0,few clouds
32,Laguna,US,2021-05-24 02:04:02,38.421,-121.4238,80.94,35,1,4.0,clear sky
33,Severnoye,RU,2021-05-24 02:04:03,56.3491,78.3619,62.55,77,100,7.0,overcast clouds
34,Punta Arenas,CL,2021-05-24 02:04:03,-53.15,-70.9167,42.12,68,40,12.59,scattered clouds
35,Carnarvon,AU,2021-05-24 02:04:03,-24.8667,113.6333,68.07,73,65,10.36,broken clouds
36,Bereda,ES,2021-05-24 02:04:04,43.2686,-7.5406,54.41,98,100,6.2,overcast clouds
37,Barcelos,PT,2021-05-24 01:59:04,41.5388,-8.6151,57.34,96,100,9.71,overcast clouds
38,Hithadhoo,MV,2021-05-24 02:04:04,-0.6,73.0833,83.97,69,86,10.4,overcast clouds
39,Bethanien,NA,2021-05-24 02:04:04,-26.502,17.1583,60.01,27,1,7.02,clear sky
40,Jamestown,US,2021-05-24 02:04:05,42.097,-79.2353,69.12,88,90,8.05,overcast clouds
41,Can,TR,2021-05-24 02:04:05,40.0333,27.0524,61.29,63,88,1.99,overcast clouds
42,Aripuana,BR,2021-05-24 02:04:05,-9.1667,-60.6333,72.86,97,75,1.25,broken clouds
43,Vaini,TO,2021-05-24 02:04:05,-21.2,-175.2,75.36,83,75,11.5,light rain
44,Thompson,CA,2021-05-24 02:04:06,55.7435,-97.8558,55.27,54,3,7.31,clear sky
45,Port Alfred,ZA,2021-05-24 02:04:06,-33.5906,26.891,64.74,30,9,9.33,clear sky
46,Saint-Philippe,RE,2021-05-24 02:04:06,-21.3585,55.7679,67.59,83,94,12.08,light rain
47,Gat,IL,2021-05-24 02:04:07,31.61,34.7642,67.41,83,18,3.0,few clouds
48,Bredasdorp,ZA,2021-05-24 02:04:07,-34.5322,20.0403,56.28,41,100,6.98,overcast clouds
49,Saldanha,ZA,2021-05-24 02:04:07,-33.0117,17.9442,61.36,61,91,11.56,overcast clouds
50,Puerto Madero,MX,2021-05-24 02:04:08,14.7208,-92.4215,80.8,94,20,0.0,few clouds
51,Villa Bruzual,VE,2021-05-24 02:04:08,9.3328,-69.1208,80.87,73,100,1.54,overcast clouds
52,Kaitangata,NZ,2021-05-24 02:04:08,-46.2817,169.8464,47.93,74,100,4.21,overcast clouds
53,Yerbogachen,RU,2021-05-24 02:04:09,61.2767,108.0108,53.38,32,4,6.62,clear sky
54,Hilo,US,2021-05-24 02:04:09,19.7297,-155.09,85.28,80,75,9.22,light rain
55,Belmonte,BR,2021-05-24 02:04:09,-15.8631,-38.8828,75.7,91,12,9.69,few clouds
56,Torbay,CA,2021-05-24 02:04:10,47.6666,-52.7314,39.67,94,100,5.99,light rain
57,Hobart,AU,2021-05-24 02:04:10,-42.8794,147.3294,59.22,67,75,3.0,broken clouds
58,Yar-Sale,RU,2021-05-24 02:04:10,66.8333,70.8333,38.5,53,36,28.74,scattered clouds
59,Tuktoyaktuk,CA,2021-05-24 02:04:11,69.4541,-133.0374,33.64,89,14,8.28,few clouds
60,Pogradec,AL,2021-05-24 02:04:11,40.9025,20.6525,60.64,59,24,0.76,few clouds
61,Ellisras,ZA,2021-05-24 02:04:11,-23.6649,27.7443,49.46,85,0,2.42,clear sky
62,Tasiilaq,GL,2021-05-24 02:04:12,65.6145,-37.6368,32.16,95,100,17.47,light snow
63,Senanga,ZM,2021-05-24 02:04:12,-16.1167,23.2667,53.13,66,0,5.35,clear sky
64,Tual,ID,2021-05-24 02:04:12,-5.6667,132.75,78.58,91,100,27.65,moderate rain
65,Tongzi,CN,2021-05-24 02:04:13,28.7829,105.0877,62.58,89,100,2.35,overcast clouds
66,Biltine,TD,2021-05-24 02:04:13,14.5333,20.9167,81.82,14,46,9.04,scattered clouds
67,Khatanga,RU,2021-05-24 02:04:13,71.9667,102.5,39.56,96,100,3.89,overcast clouds
68,Lavrentiya,RU,2021-05-24 02:04:14,65.5833,-171.0,33.31,94,69,6.71,broken clouds
69,Kochi,IN,2021-05-24 02:04:14,9.9399,76.2602,78.78,80,98,4.81,overcast clouds
70,Tateyama,JP,2021-05-24 02:04:14,34.9833,139.8667,80.15,70,95,6.73,overcast clouds
71,Alugan,PH,2021-05-24 02:04:14,12.2188,125.4808,85.77,66,10,4.81,clear sky
72,Yining,CN,2021-05-24 02:04:15,29.0361,114.5636,75.25,71,69,1.19,broken clouds
73,Pacific Grove,US,2021-05-24 02:04:15,36.6177,-121.9166,68.61,81,40,3.0,scattered clouds
74,Beyneu,KZ,2021-05-24 02:04:15,45.3167,55.2,77.94,23,0,12.97,clear sky
75,Airai,TL,2021-05-24 02:04:16,-8.9266,125.4092,72.57,46,46,2.33,scattered clouds
76,Samarai,PG,2021-05-24 02:04:16,-10.6167,150.6667,81.21,66,96,15.66,overcast clouds
77,Sao Joao Da Barra,BR,2021-05-24 02:04:16,-21.6403,-41.0511,75.6,77,99,7.58,overcast clouds
78,Sistranda,NO,2021-05-24 02:04:16,63.7256,8.834,51.91,84,91,4.29,overcast clouds
79,Lagoa,PT,2021-05-24 02:04:17,39.05,-27.9833,60.15,65,100,6.76,overcast clouds
80,Salisbury,GB,2021-05-24 02:04:17,51.0693,-1.7957,47.48,95,52,8.41,broken clouds
81,Codrington,AU,2021-05-24 02:04:17,-38.2667,141.9667,65.79,49,92,17.69,overcast clouds
82,Bengkulu,ID,2021-05-24 02:04:18,-3.8004,102.2655,81.68,73,98,1.63,overcast clouds
83,Catamarca,AR,2021-05-24 02:03:50,-28.4696,-65.7852,52.77,73,53,1.99,broken clouds
84,Namibe,AO,2021-05-24 02:04:18,-15.1961,12.1522,73.98,71,8,6.29,clear sky
85,San Luis,AR,2021-05-24 02:04:19,-33.295,-66.3356,46.89,45,3,8.84,clear sky
86,Cape Town,ZA,2021-05-24 02:03:23,-33.9258,18.4232,68.09,43,100,8.75,overcast clouds
87,Narsaq,GL,2021-05-24 02:04:19,60.9167,-46.05,41.22,49,100,13.31,overcast clouds
88,Klaksvik,FO,2021-05-24 02:04:19,62.2266,-6.589,41.92,73,100,6.91,overcast clouds
89,Ust-Tsilma,RU,2021-05-24 02:04:19,65.441,52.1498,35.62,55,75,5.5,broken clouds
90,Westport,US,2021-05-24 02:04:13,41.1415,-73.3579,76.98,40,75,1.01,broken clouds
91,Jalu,LY,2021-05-24 02:04:20,29.0331,21.5482,72.45,16,0,8.55,clear sky
92,Padang,ID,2021-05-24 02:03:01,-0.9492,100.3543,82.45,72,29,1.05,scattered clouds
93,Tiksi,RU,2021-05-24 02:04:20,71.6872,128.8694,36.05,81,91,11.7,overcast clouds
94,Cockburn Town,TC,2021-05-24 02:04:20,21.4612,-71.1419,77.99,77,33,21.23,scattered clouds
95,Lensk,RU,2021-05-24 02:04:21,60.7253,114.9278,54.95,28,100,6.22,overcast clouds
96,Marzuq,YE,2021-05-24 02:04:21,14.4,46.4667,75.72,15,11,5.88,few clouds
97,Pingliang,CN,2021-05-24 02:04:21,35.5392,106.6861,68.41,26,0,8.25,clear sky
98,Gizo,SB,2021-05-24 02:04:22,-8.103,156.8419,81.95,83,100,17.98,moderate rain
99,Mogadishu,SO,2021-05-24 02:01:13,2.0371,45.3438,78.55,81,20,18.41,few clouds
100,Bambous Virieux,MU,2021-05-24 02:04:22,-20.3428,57.7575,71.85,78,20,13.35,few clouds
101,Nikolskoye,RU,2021-05-24 02:04:22,59.7035,30.7861,50.4,95,100,12.73,moderate rain
102,Santa Isabel Do Rio Negro,BR,2021-05-24 02:04:23,-0.4139,-65.0192,75.02,96,31,2.82,scattered clouds
103,Nouadhibou,MR,2021-05-24 02:04:23,20.931,-17.0347,67.98,77,0,19.57,clear sky
104,Longyearbyen,SJ,2021-05-24 02:04:23,78.2186,15.6401,26.44,74,20,9.22,few clouds
105,Kapaa,US,2021-05-24 02:04:24,22.0752,-159.319,82.38,71,75,1.99,broken clouds
106,Pundaguitan,PH,2021-05-24 02:04:24,6.3711,126.1689,83.16,73,62,5.14,broken clouds
107,Flin Flon,CA,2021-05-24 02:00:14,54.7682,-101.865,58.15,60,59,4.45,broken clouds
108,Plettenberg Bay,ZA,2021-05-24 02:04:24,-34.0527,23.3716,63.25,39,10,10.04,clear sky
109,Zaranj,AF,2021-05-24 02:04:25,30.9667,61.8833,84.54,11,92,3.15,overcast clouds
110,Mandurah,AU,2021-05-24 02:04:25,-32.55,115.7,53.17,64,97,21.83,overcast clouds
111,New Norfolk,AU,2021-05-24 02:04:25,-42.7826,147.0587,58.87,45,100,3.83,overcast clouds
112,Dengzhou,CN,2021-05-24 02:04:26,37.8086,120.7508,65.1,59,16,9.89,few clouds
113,Liepaja,LV,2021-05-24 02:04:26,56.5419,21.0367,50.05,87,90,16.11,overcast clouds
114,Vostok,RU,2021-05-24 02:04:26,46.4856,135.8833,55.04,88,100,3.36,moderate rain
115,Sao Filipe,CV,2021-05-24 02:04:27,14.8961,-24.4956,71.91,83,11,7.9,few clouds
116,Gourcy,BF,2021-05-24 02:04:27,13.2167,-2.35,88.99,39,81,8.23,broken clouds
117,Atuona,PF,2021-05-24 02:04:27,-9.8,-139.0333,80.55,75,22,19.95,few clouds
118,Upata,VE,2021-05-24 02:04:28,8.0086,-62.3989,74.64,87,84,5.91,broken clouds
119,Jawhar,SO,2021-05-24 02:01:19,2.7809,45.5005,74.21,86,23,10.29,few clouds
120,Belyy Yar,RU,2021-05-24 02:04:28,53.6039,91.3903,58.89,76,40,12.01,light rain
121,Bara,NG,2021-05-24 02:04:29,10.3744,10.7288,81.84,60,64,6.4,broken clouds
122,Emerald,AU,2021-05-24 02:04:29,-23.5333,148.1667,76.33,37,0,11.03,clear sky
123,Stratford,US,2021-05-24 02:04:29,41.1845,-73.1332,75.42,63,75,12.66,broken clouds
124,Alekseyevka,RU,2021-05-24 02:04:30,50.6309,38.6903,52.59,90,55,5.17,broken clouds
125,Provideniya,RU,2021-05-24 02:04:30,64.3833,-173.3,35.71,75,90,20.13,overcast clouds
126,Pitkyaranta,RU,2021-05-24 02:04:30,61.5734,31.4792,45.34,99,100,4.9,light rain
127,Fuling,CN,2021-05-24 02:04:31,29.7022,107.3919,63.46,96,100,2.04,overcast clouds
128,Nome,US,2021-05-24 02:04:31,64.5011,-165.4064,51.17,81,1,4.61,clear sky
129,Lebu,CL,2021-05-24 02:04:31,-37.6167,-73.65,53.8,81,91,2.17,overcast clouds
130,Chengde,CN,2021-05-24 02:04:31,40.9725,117.9361,65.43,12,2,13.89,clear sky
131,Naryan-Mar,RU,2021-05-24 02:04:32,67.6713,53.087,34.11,61,10,7.52,clear sky
132,Asau,RO,2021-05-24 02:04:32,46.4333,26.4,59.92,92,33,10.74,scattered clouds
133,Cabo San Lucas,MX,2021-05-24 02:04:32,22.8909,-109.9124,82.81,50,40,8.05,scattered clouds
134,Wana,PK,2021-05-24 02:04:33,32.2989,69.5725,67.8,46,0,2.04,clear sky
135,Cantagallo,CO,2021-05-24 02:04:33,7.376,-73.9196,77.02,96,99,1.52,light rain
136,Ponta Do Sol,PT,2021-05-24 02:04:33,32.6667,-17.1,64.71,72,98,9.46,overcast clouds
137,San Joaquin,US,2021-05-24 02:04:34,37.9333,-121.3011,79.18,31,1,8.05,clear sky
138,Tuatapere,NZ,2021-05-24 02:04:34,-46.1333,167.6833,49.82,69,14,4.36,few clouds
139,Tyukalinsk,RU,2021-05-24 02:04:34,55.8732,72.1967,63.46,76,100,7.72,overcast clouds
140,Astana,KZ,2021-05-24 02:04:34,51.1801,71.446,67.95,36,0,5.68,clear sky
141,Te Anau,NZ,2021-05-24 02:04:35,-45.4167,167.7167,47.82,72,18,3.27,few clouds
142,Lorengau,PG,2021-05-24 02:04:29,-2.0226,147.2712,85.91,70,95,9.24,overcast clouds
143,Adrar,MR,2021-05-24 02:04:35,20.5022,-10.0711,89.46,21,81,8.72,broken clouds
144,Kloulklubed,PW,2021-05-24 02:04:36,7.0419,134.2556,82.9,76,100,7.72,overcast clouds
145,Manta,EC,2021-05-24 02:04:36,-0.95,-80.7333,74.98,83,40,5.75,scattered clouds
146,Cape Coast,GH,2021-05-24 02:04:37,5.1053,-1.2466,79.3,86,88,6.04,overcast clouds
147,Grand Gaube,MU,2021-05-24 02:04:37,-20.0064,57.6608,72.0,82,20,3.0,few clouds
148,Ercis,TR,2021-05-24 02:04:37,39.0287,43.3586,47.8,69,83,6.46,broken clouds
149,Ust-Uda,RU,2021-05-24 02:04:38,54.1742,103.0304,51.62,50,35,5.53,scattered clouds
150,Ribeira Grande,PT,2021-05-24 02:04:38,38.5167,-28.7,60.13,63,84,3.87,broken clouds
151,Mount Gambier,AU,2021-05-24 02:04:27,-37.8333,140.7667,65.05,48,100,13.69,overcast clouds
152,Ouesso,CG,2021-05-24 02:04:38,1.6136,16.0517,70.0,98,81,1.54,broken clouds
153,Talnakh,RU,2021-05-24 02:04:39,69.4865,88.3972,33.15,100,100,6.96,overcast clouds
154,Grindavik,IS,2021-05-24 02:04:39,63.8424,-22.4338,42.91,73,0,3.04,clear sky
155,Puerto Del Rosario,ES,2021-05-24 02:04:40,28.5004,-13.8627,64.15,68,9,24.16,clear sky
156,Half Moon Bay,US,2021-05-24 02:04:40,37.4636,-122.4286,70.41,83,40,1.01,scattered clouds
157,Kirensk,RU,2021-05-24 02:04:41,57.7853,108.1119,55.09,28,8,4.05,clear sky
158,Ulaangom,MN,2021-05-24 02:04:15,49.9811,92.0667,62.33,35,10,3.15,clear sky
159,Kodinsk,RU,2021-05-24 02:04:41,58.6881,99.1844,51.53,75,100,11.65,overcast clouds
160,Severo-Kurilsk,RU,2021-05-24 02:04:41,50.6789,156.125,45.64,65,60,15.37,broken clouds
161,Richards Bay,ZA,2021-05-24 01:59:44,-28.783,32.0377,61.88,83,0,9.75,clear sky
162,Imbituba,BR,2021-05-24 02:04:42,-28.24,-48.6703,64.29,65,0,5.48,clear sky
163,Norman Wells,CA,2021-05-24 02:04:42,65.282,-126.8329,42.98,92,100,10.42,light rain
164,Haines Junction,CA,2021-05-24 02:04:43,60.7522,-137.5108,47.41,67,100,3.09,overcast clouds
165,San Cristobal,VE,2021-05-24 02:04:43,7.7669,-72.225,75.38,87,94,3.11,overcast clouds
166,Port Elizabeth,ZA,2021-05-24 02:03:16,-33.918,25.5701,65.1,35,4,9.84,clear sky
167,Qui Nhon,VN,2021-05-24 02:01:16,13.7667,109.2333,86.61,64,67,0.83,broken clouds
168,Cherskiy,RU,2021-05-24 02:04:43,68.75,161.3,48.7,44,11,6.96,few clouds
169,Hovd,MN,2021-05-24 02:04:44,48.0056,91.6419,59.29,33,3,3.2,clear sky
170,Port Hardy,CA,2021-05-24 02:00:00,50.6996,-127.4199,51.98,82,75,9.22,broken clouds
171,Beloha,MG,2021-05-24 02:04:44,-25.1667,45.05,62.78,91,38,6.46,moderate rain
172,Sobolevo,RU,2021-05-24 02:04:45,54.4299,31.8996,44.33,97,87,5.68,overcast clouds
173,Georgetown,MY,2021-05-24 02:01:25,5.4112,100.3354,85.89,77,20,3.29,few clouds
174,Douglas,US,2021-05-24 02:04:45,41.3,-96.167,76.87,76,40,8.99,scattered clouds
175,Kruisfontein,ZA,2021-05-24 02:04:45,-34.0033,24.7314,62.89,29,46,10.63,scattered clouds
176,General Cepeda,MX,2021-05-24 02:04:46,25.3833,-101.45,74.08,50,39,10.42,scattered clouds
177,Chapais,CA,2021-05-24 02:04:46,49.7834,-74.8492,36.77,58,0,5.5,clear sky
178,Kurilsk,RU,2021-05-24 02:04:46,45.2333,147.8833,41.76,97,100,4.81,overcast clouds
179,Constitucion,CL,2021-05-24 02:04:47,-35.3333,-72.4167,53.17,74,83,6.64,broken clouds
180,Snyder,US,2021-05-24 02:04:47,32.7179,-100.9176,74.08,73,1,18.41,clear sky
181,Broome,US,2021-05-24 02:04:47,42.2506,-75.833,62.17,90,1,3.0,clear sky
182,Geraldton,AU,2021-05-24 02:04:48,-28.7667,114.6,57.61,62,90,17.16,overcast clouds
183,Patrocinio,BR,2021-05-24 02:04:48,-18.9439,-46.9925,62.96,89,100,4.34,overcast clouds
184,Kishi,NG,2021-05-24 02:04:48,9.0833,3.85,74.1,85,100,6.29,overcast clouds
185,Gadsden,US,2021-05-24 02:04:28,34.0143,-86.0066,77.63,89,1,0.0,clear sky
186,Conde,BR,2021-05-24 02:04:49,-7.2597,-34.9075,76.46,90,75,7.11,broken clouds
187,Vallenar,CL,2021-05-24 02:04:49,-28.5708,-70.7581,60.51,41,100,2.13,overcast clouds
188,Labrea,BR,2021-05-24 02:04:49,-7.2586,-64.7981,75.0,96,61,1.5,broken clouds
189,Mar Del Plata,AR,2021-05-24 02:04:44,-38.0023,-57.5575,55.99,34,0,5.01,clear sky
190,Hermanus,ZA,2021-05-24 02:04:50,-34.4187,19.2345,56.8,49,100,7.09,overcast clouds
191,Mishkino,RU,2021-05-24 02:04:50,55.3389,63.9175,68.85,69,37,8.19,scattered clouds
192,Chumikan,RU,2021-05-24 02:04:51,54.7183,135.315,32.68,95,100,26.31,light snow
193,Boma,GH,2021-05-24 02:04:51,7.0805,-2.1697,72.21,97,100,2.51,overcast clouds
194,Fairbanks,US,2021-05-24 02:00:06,64.8378,-147.7164,59.09,43,7,1.01,clear sky
195,Luderitz,NA,2021-05-24 02:04:51,-26.6481,15.1594,72.18,34,0,8.19,clear sky
196,Lompoc,US,2021-05-24 02:04:52,34.6391,-120.4579,69.39,82,90,12.66,overcast clouds
197,Kirakira,SB,2021-05-24 02:04:52,-10.4544,161.9205,80.02,83,100,5.93,overcast clouds
198,Tautira,PF,2021-05-24 02:04:52,-17.7333,-149.15,84.22,71,65,3.04,broken clouds
199,Kavaratti,IN,2021-05-24 02:04:53,10.5669,72.642,83.34,71,71,7.25,broken clouds
200,Jambi,ID,2021-05-24 02:04:53,-1.6,103.6167,83.08,76,89,3.11,overcast clouds
201,Tabou,CI,2021-05-24 02:04:53,4.423,-7.3528,79.86,84,49,3.89,scattered clouds
202,Port Blair,IN,2021-05-24 02:03:48,11.6667,92.75,83.59,82,100,23.06,overcast clouds
203,Praia,CV,2021-05-24 02:04:54,14.9215,-23.5087,72.14,73,40,14.97,scattered clouds
204,Chokurdakh,RU,2021-05-24 02:04:54,70.6333,147.9167,29.19,91,24,1.7,few clouds
205,Atambua,ID,2021-05-24 02:04:55,-9.1061,124.8925,82.22,50,50,1.01,scattered clouds
206,Srednekolymsk,RU,2021-05-24 02:04:55,67.45,153.6833,56.21,30,62,6.42,broken clouds
207,Pattani,TH,2021-05-24 02:04:55,6.75,100.4167,85.71,73,100,3.98,overcast clouds
208,Mayo,US,2021-05-24 02:04:56,38.8876,-76.5119,84.36,68,1,1.01,clear sky
209,Ust-Omchug,RU,2021-05-24 02:04:56,61.15,149.6333,46.63,48,85,2.48,overcast clouds
210,Lodwar,KE,2021-05-24 02:04:56,3.1191,35.5973,79.77,56,14,15.19,few clouds
211,East London,ZA,2021-05-24 02:04:57,-33.0153,27.9116,64.51,28,71,5.46,broken clouds
212,Tanete,ID,2021-05-24 02:04:57,-3.9443,119.7848,81.05,80,90,5.53,overcast clouds
213,Kutum,SD,2021-05-24 02:04:57,14.2,24.6667,72.81,17,73,8.68,broken clouds
214,Amahai,ID,2021-05-24 02:04:58,-3.3333,128.9167,76.66,93,100,4.81,overcast clouds
215,La Ronge,CA,2021-05-24 02:04:58,55.1001,-105.2842,58.46,59,93,6.8,overcast clouds
216,Deputatskiy,RU,2021-05-24 02:04:58,69.3,139.9,39.25,61,5,6.4,clear sky
217,Ullal,IN,2021-05-24 02:04:59,12.8,74.85,81.55,80,20,3.78,few clouds
218,Fare,PF,2021-05-24 02:04:59,-16.7,-151.0167,81.19,74,100,9.4,light rain
219,Kodiak,US,2021-05-24 02:04:59,57.79,-152.4072,56.71,58,1,5.75,clear sky
220,Necochea,AR,2021-05-24 02:05:00,-38.5473,-58.7368,50.04,79,16,10.0,few clouds
221,Isiro,CD,2021-05-24 02:05:00,2.7739,27.616,65.26,98,100,1.7,overcast clouds
222,Pringsewu,ID,2021-05-24 02:05:00,-5.3582,104.9744,83.35,72,87,0.65,overcast clouds
223,Tromso,NO,2021-05-24 02:05:01,69.6496,18.957,35.62,60,0,5.75,clear sky
224,Yanam,IN,2021-05-24 02:05:01,16.7333,82.2167,84.6,69,100,4.97,overcast clouds
225,Chapada Dos Guimaraes,BR,2021-05-24 02:05:03,-15.4606,-55.7497,58.66,98,100,3.78,overcast clouds
226,Bud,US,2021-05-24 02:05:04,39.447,-86.1758,77.34,83,48,4.54,scattered clouds
227,Shakiso,ET,2021-05-24 02:05:04,5.75,38.9167,59.49,97,100,1.52,light rain
228,Umm Lajj,SA,2021-05-24 02:00:11,25.0213,37.2685,78.21,53,0,10.13,clear sky
229,Ahipara,NZ,2021-05-24 02:05:04,-35.1667,173.1667,59.67,64,100,13.49,overcast clouds
230,Pastos Bons,BR,2021-05-24 02:05:05,-6.6017,-44.0767,73.94,66,98,1.74,overcast clouds
231,Araouane,ML,2021-05-24 02:05:05,18.9048,-3.5265,92.86,22,6,7.65,clear sky
232,Avera,US,2021-05-24 02:05:05,33.194,-82.5271,79.72,54,44,4.7,scattered clouds
233,Masunga,BW,2021-05-24 02:05:06,-20.6246,27.4488,46.56,83,0,7.67,clear sky
234,Susehri,TR,2021-05-24 02:03:13,40.1644,38.0867,50.52,84,99,4.03,overcast clouds
235,Roald,NO,2021-05-24 02:05:06,62.5833,6.1333,49.33,100,75,2.3,broken clouds
236,Bonfim,BR,2021-05-24 02:05:06,3.0833,-59.95,77.88,86,86,6.6,overcast clouds
237,Myaundzha,RU,2021-05-24 02:05:07,63.0494,147.1858,47.16,39,100,4.54,overcast clouds
238,Manicore,BR,2021-05-24 02:05:07,-5.8092,-61.3003,78.91,78,86,2.1,overcast clouds
239,Naze,JP,2021-05-24 02:05:07,28.3667,129.4833,78.04,84,97,18.61,overcast clouds
240,Diu,IN,2021-05-24 02:05:08,20.7141,70.9822,83.21,73,0,9.33,clear sky
241,Chalus,IR,2021-05-24 02:05:08,36.655,51.4204,73.51,72,100,3.98,overcast clouds
242,Waitati,NZ,2021-05-24 02:05:08,-45.75,170.5667,48.79,75,100,6.08,overcast clouds
243,Sao Jose Da Coroa Grande,BR,2021-05-24 02:05:09,-8.8978,-35.1478,77.68,84,91,9.31,overcast clouds
244,Buinsk,RU,2021-05-24 02:05:09,54.95,48.2833,58.51,95,100,8.72,overcast clouds
245,Salcininkai,LT,2021-05-24 02:05:09,54.3,25.3833,48.29,94,22,2.98,few clouds
246,Saskylakh,RU,2021-05-24 02:05:10,71.9167,114.0833,37.65,100,100,16.93,overcast clouds
247,Zyryanka,RU,2021-05-24 02:05:10,65.75,150.85,55.15,41,1,2.42,clear sky
248,Mwense,ZM,2021-05-24 02:05:11,-10.3845,28.698,56.08,75,14,4.88,few clouds
249,Zhangjiakou,CN,2021-05-24 02:05:11,40.81,114.8794,58.28,22,100,14.32,overcast clouds
250,Tarakan,ID,2021-05-24 02:05:11,3.3,117.6333,80.1,89,40,8.05,scattered clouds
251,Omsukchan,RU,2021-05-24 02:05:12,62.5333,155.8,40.8,77,85,3.0,overcast clouds
252,Key Largo,US,2021-05-24 02:05:12,25.0865,-80.4473,77.0,73,12,17.94,few clouds
253,Alofi,NU,2021-05-24 02:05:12,-19.0595,-169.9187,79.97,80,94,10.96,light rain
254,Mollendo,PE,2021-05-24 02:05:13,-17.0231,-72.0147,64.08,81,100,6.67,overcast clouds
255,Thaba-Tseka,LS,2021-05-24 02:05:13,-29.522,28.6084,37.33,45,39,3.8,scattered clouds
256,Rawlins,US,2021-05-24 02:05:13,41.7911,-107.2387,54.34,16,40,26.57,scattered clouds
257,Vangaindrano,MG,2021-05-24 02:05:14,-23.35,47.6,66.45,83,81,3.74,broken clouds
258,Ipueiras,BR,2021-05-24 02:05:14,-7.0333,-40.45,67.87,52,100,5.53,overcast clouds
259,Bandarbeyla,SO,2021-05-24 02:05:11,9.4942,50.8122,80.11,73,20,18.52,few clouds
260,Port Lincoln,AU,2021-05-24 02:05:15,-34.7333,135.8667,71.55,37,100,25.93,overcast clouds
261,Moree,AU,2021-05-24 02:05:15,-29.4667,149.85,71.62,33,4,6.91,clear sky
262,Balaghat,IN,2021-05-24 02:05:16,21.8,80.1833,93.11,25,81,7.81,broken clouds
263,Saint George,US,2021-05-24 02:05:16,37.1041,-113.5841,73.94,16,1,1.99,clear sky
264,Latung,PH,2021-05-24 02:05:17,5.5,120.8833,84.36,71,37,9.64,scattered clouds
265,Mahebourg,MU,2021-05-24 02:01:30,-20.4081,57.7,71.89,83,20,5.75,few clouds
266,San Juan,AR,2021-05-24 02:05:17,-31.5375,-68.5364,63.73,33,0,5.64,clear sky
267,Trinidad,BO,2021-05-24 02:05:17,-14.8333,-64.9,64.65,57,99,6.55,light rain
268,Kailua,US,2021-05-24 02:05:18,21.4022,-157.7394,84.18,69,40,8.05,scattered clouds
269,Raudeberg,NO,2021-05-24 02:05:18,61.9875,5.1352,48.2,95,100,4.05,overcast clouds
270,Katsuura,JP,2021-05-24 02:05:19,35.1333,140.3,82.24,70,100,5.93,overcast clouds
271,Pevek,RU,2021-05-24 02:05:19,69.7008,170.3133,32.25,86,10,5.48,clear sky
272,Stefanesti,RO,2021-05-24 02:05:19,44.8667,24.9333,58.23,89,99,5.68,overcast clouds
273,Pangai,TO,2021-05-24 02:05:20,-19.8,-174.35,78.98,82,30,10.2,light rain
274,Lokosovo,RU,2021-05-24 02:05:20,61.1333,74.8167,61.11,49,0,15.59,clear sky
275,Andros Town,BS,2021-05-24 02:05:14,24.7,-77.7667,75.16,67,26,17.87,scattered clouds
276,Guantanamo,CU,2021-05-24 02:05:20,20.1444,-75.2092,77.07,89,15,4.97,few clouds
277,Ilulissat,GL,2021-05-24 02:05:20,69.2167,-51.1,37.42,48,75,21.85,broken clouds
278,Marica,BR,2021-05-24 02:05:21,-22.9194,-42.8186,75.85,79,100,2.55,overcast clouds
279,Angoche,MZ,2021-05-24 02:05:21,-16.2325,39.9086,71.31,84,67,10.11,moderate rain
280,Guerrero Negro,MX,2021-05-24 02:05:21,27.9769,-114.0611,62.28,72,13,17.56,few clouds
281,Alice Springs,AU,2021-05-24 02:05:22,-23.7,133.8833,78.35,21,0,11.99,clear sky
282,Jacareacanga,BR,2021-05-24 02:05:22,-6.2222,-57.7528,75.49,90,93,0.74,light rain
283,Valparaiso,CL,2021-05-24 02:05:22,-33.0393,-71.6273,49.12,64,100,11.3,overcast clouds
284,Zhigansk,RU,2021-05-24 02:05:22,66.7697,123.3711,48.65,35,1,8.05,clear sky
285,Vila,PT,2021-05-24 02:05:23,42.0304,-8.1588,47.32,99,100,6.06,overcast clouds
286,Whitefish,US,2021-05-24 02:01:01,48.4111,-114.3376,45.9,98,90,7.34,light rain
287,Mirwah,YE,2021-05-24 02:05:23,13.9228,43.9176,74.88,21,16,5.44,few clouds
288,Butaritari,KI,2021-05-24 02:04:39,3.0707,172.7902,83.03,77,91,12.06,overcast clouds
289,Bonthe,SL,2021-05-24 02:05:23,7.5264,-12.505,81.27,81,74,4.65,broken clouds
290,Pontianak,ID,2021-05-24 02:05:24,-0.0333,109.3333,84.18,70,20,4.36,few clouds
291,Faanui,PF,2021-05-24 02:05:24,-16.4833,-151.75,81.27,76,100,9.89,light rain
292,Vila Franca Do Campo,PT,2021-05-24 02:05:24,37.7167,-25.4333,54.01,79,22,1.83,few clouds
293,Livingstone,ZM,2021-05-24 02:05:25,-17.8419,25.8543,51.53,76,0,4.65,clear sky
294,Iskele,TR,2021-05-24 02:05:25,39.484,26.9278,62.62,44,0,6.76,clear sky
295,Coquimbo,CL,2021-05-24 02:05:23,-29.9533,-71.3436,53.33,69,0,1.7,clear sky
296,Bilma,NE,2021-05-24 02:05:25,18.6853,12.9164,87.82,10,0,5.79,clear sky
297,Daru,PG,2021-05-24 02:05:26,-9.0763,143.2092,81.66,76,38,17.34,scattered clouds
298,Chivacoa,VE,2021-05-24 02:05:26,10.1603,-68.895,73.54,97,89,4.27,overcast clouds
299,Hokitika,NZ,2021-05-24 02:05:27,-42.7167,170.9667,56.28,55,1,10.07,clear sky
300,Antalaha,MG,2021-05-24 02:05:27,-14.9003,50.2788,71.92,78,89,11.03,overcast clouds
301,Aranos,NA,2021-05-24 02:05:27,-24.1333,19.1167,54.48,47,0,12.64,clear sky
302,Mildura,AU,2021-05-24 02:05:28,-34.2,142.15,71.56,37,100,18.41,overcast clouds
303,Antofagasta,CL,2021-05-24 02:05:28,-23.65,-70.4,58.28,72,44,2.04,scattered clouds
304,Sungaipenuh,ID,2021-05-24 02:05:28,-2.0833,101.3833,72.18,81,100,0.02,overcast clouds
305,Cotonou,BJ,2021-05-24 02:05:29,6.3654,2.4183,81.0,76,51,6.13,broken clouds
306,Balkhash,KZ,2021-05-24 02:05:29,46.844,74.9804,72.21,37,0,22.37,clear sky
307,Portree,GB,2021-05-24 02:05:29,57.4129,-6.1942,39.85,93,100,5.5,overcast clouds
308,Vanavara,RU,2021-05-24 02:05:30,60.34,102.2797,56.23,44,7,11.21,clear sky
309,Bolgatanga,GH,2021-05-24 02:05:30,10.7856,-0.8514,85.64,48,100,3.6,overcast clouds
310,Verkhnevilyuysk,RU,2021-05-24 02:05:30,63.4453,120.3167,54.05,29,50,7.49,scattered clouds
311,Tamiahua,MX,2021-05-24 02:05:31,21.2667,-97.45,79.52,81,0,8.05,clear sky
312,Evanston,US,2021-05-24 02:05:31,42.0411,-87.6901,74.97,94,40,1.01,scattered clouds
313,Hefei,CN,2021-05-24 02:05:31,31.8639,117.2808,77.95,69,41,5.66,scattered clouds
314,Ballyshannon,IE,2021-05-24 02:05:32,54.5,-8.1833,40.6,90,33,3.42,scattered clouds
315,Raduzhnyy,RU,2021-05-24 02:05:32,62.0961,77.475,59.5,56,17,15.99,few clouds
316,Athabasca,CA,2021-05-24 02:05:32,54.7169,-113.2854,63.03,66,100,5.5,overcast clouds
317,Chardara,KZ,2021-05-24 02:00:37,41.2547,67.9692,70.39,58,100,9.84,overcast clouds
318,Banda Aceh,ID,2021-05-24 02:05:33,5.5577,95.3222,84.51,70,100,10.02,overcast clouds
319,Poum,NC,2021-05-24 02:05:33,-20.2333,164.0167,73.54,67,38,19.84,scattered clouds
320,Shelburne,CA,2021-05-24 02:05:34,44.0787,-80.2041,60.57,62,99,5.3,overcast clouds
321,Vanimo,PG,2021-05-24 02:05:34,-2.6741,141.3028,81.75,83,100,1.66,overcast clouds
322,Rincon,US,2021-05-24 02:05:34,32.296,-81.2354,75.85,76,1,5.1,clear sky
323,Asilah,MA,2021-05-24 02:05:35,35.465,-6.0348,58.96,70,0,6.62,clear sky
324,Otradnoye,RU,2021-05-24 02:05:35,59.7775,30.8181,50.56,94,100,13.69,light rain
325,Nanakuli,US,2021-05-24 02:05:35,21.3906,-158.1547,84.15,71,1,0.92,clear sky
326,Buzovna,AZ,2021-05-24 02:05:36,40.5179,50.1139,71.69,73,20,25.32,few clouds
327,Neiafu,TO,2021-05-24 02:05:36,-18.65,-173.9833,83.08,83,40,8.05,scattered clouds
328,The Pas,CA,2021-05-24 02:05:36,53.8251,-101.2541,53.67,69,15,9.01,few clouds
329,Caraquet,CA,2021-05-24 02:05:37,47.7941,-64.9386,42.22,61,1,11.32,clear sky
330,Boueni,YT,2021-05-24 02:05:37,-12.9025,45.0761,76.98,62,3,15.68,clear sky
331,Pisco,PE,2021-05-24 02:05:37,-13.7,-76.2167,64.45,82,0,8.05,clear sky
332,Marienburg,PL,2021-05-24 02:05:38,54.0359,19.0266,45.88,93,11,6.31,few clouds
333,Taoudenni,ML,2021-05-24 02:05:38,22.6783,-3.9836,96.04,17,49,9.17,scattered clouds
334,Udachnyy,RU,2021-05-24 02:03:09,66.4167,112.4,50.45,43,28,19.44,scattered clouds
335,Trairi,BR,2021-05-24 02:03:37,-3.2778,-39.2689,78.6,82,8,8.52,clear sky
336,Kuchinarai,TH,2021-05-24 02:05:38,16.541,104.05,93.78,59,100,4.92,overcast clouds
337,Auch,FR,2021-05-24 02:02:56,43.65,0.5833,53.26,89,32,3.33,scattered clouds
338,Lasa,IT,2021-05-24 02:05:39,46.6166,10.7002,43.36,96,100,4.23,overcast clouds
339,San Quintin,MX,2021-05-24 02:05:39,30.4833,-115.95,61.95,75,1,20.09,clear sky
340,Vila Velha,BR,2021-05-24 02:05:39,-20.3297,-40.2925,75.15,85,0,1.01,clear sky
341,Anzio,IT,2021-05-24 02:05:40,41.4853,12.6179,68.45,78,99,4.61,overcast clouds
342,Rio Bueno,CL,2021-05-24 02:05:40,-40.3167,-72.9667,50.14,96,71,3.02,broken clouds
343,Touros,BR,2021-05-24 02:05:40,-5.1989,-35.4608,76.1,89,13,10.09,few clouds
344,Oranjemund,NA,2021-05-24 02:05:41,-28.55,16.4333,69.66,37,0,4.9,clear sky
345,Cairns,AU,2021-05-24 02:05:41,-16.9167,145.7667,77.07,90,75,12.66,broken clouds
346,Moga,IN,2021-05-24 02:05:41,30.8,75.1667,84.0,28,0,4.92,clear sky
347,Fort Nelson,CA,2021-05-24 02:05:42,58.8053,-122.7002,63.36,36,97,3.27,overcast clouds
348,Esperance,AU,2021-05-24 02:05:42,-33.8667,121.9,50.94,80,100,26.57,overcast clouds
349,Ushtobe,KZ,2021-05-24 02:05:42,45.2514,77.9838,68.18,43,0,14.83,clear sky
350,Vestmannaeyjar,IS,2021-05-24 02:05:43,63.4427,-20.2734,43.63,77,94,9.24,overcast clouds
351,Verkhoyansk,RU,2021-05-24 02:01:09,67.5447,133.385,53.69,31,7,5.95,clear sky
352,Upernavik,GL,2021-05-24 02:05:43,72.7868,-56.1549,23.47,92,18,9.35,few clouds
353,Gap,FR,2021-05-24 02:02:25,44.6667,6.0,38.84,53,100,2.53,overcast clouds
354,Tevaitoa,PF,2021-05-24 02:05:44,-16.7833,-151.5,81.19,75,100,10.49,light rain
355,Ewo,CG,2021-05-24 02:05:44,-0.8725,14.8206,72.57,91,69,1.68,broken clouds
356,Leningradskiy,RU,2021-05-24 02:05:44,69.3833,178.4167,32.81,84,58,2.44,broken clouds
357,Kyshtovka,RU,2021-05-24 02:05:45,56.555,76.6271,63.36,76,100,6.31,overcast clouds
358,Port Hedland,AU,2021-05-24 02:05:45,-20.3167,118.5667,80.65,36,89,16.11,overcast clouds
359,Nanortalik,GL,2021-05-24 02:05:45,60.1432,-45.2371,35.64,67,100,8.93,overcast clouds
360,Songjianghe,CN,2021-05-24 02:05:46,42.1859,127.479,60.57,22,2,13.6,clear sky
361,Quatre Cocos,MU,2021-05-24 02:05:46,-20.2078,57.7625,71.71,79,26,13.62,scattered clouds
362,Tamandare,BR,2021-05-24 02:04:20,-8.7597,-35.1047,77.41,85,83,8.46,broken clouds
363,Yinchuan,CN,2021-05-24 02:05:46,38.4681,106.2731,67.12,12,0,19.19,clear sky
364,San Jose,US,2021-05-24 02:01:49,37.3394,-121.895,71.53,57,20,1.99,few clouds
365,Kemin,KG,2021-05-24 02:05:47,42.7846,75.6892,69.62,45,78,6.4,broken clouds
366,Barrhead,GB,2021-05-24 02:05:47,55.7992,-4.3929,44.98,93,100,4.61,overcast clouds
367,Mastic Beach,US,2021-05-24 02:05:47,40.7668,-72.8521,76.1,58,20,4.0,few clouds
368,Marsa Matruh,EG,2021-05-24 02:05:48,31.3525,27.2453,66.81,75,0,10.92,clear sky
369,Umm Kaddadah,SD,2021-05-24 02:05:48,13.6017,26.6876,77.45,14,1,12.93,clear sky
370,Aktyubinskiy,RU,2021-05-24 02:05:49,54.8137,52.8056,68.05,41,8,15.79,clear sky
371,Sitka,US,2021-05-24 02:05:49,57.0531,-135.33,51.69,71,75,5.75,light rain
372,Boguchany,RU,2021-05-24 02:05:49,58.3814,97.4531,50.0,97,100,8.66,moderate rain
373,Mbuguni,TZ,2021-05-24 02:05:50,-3.5667,36.95,60.06,93,28,2.35,scattered clouds
374,Kayes,ML,2021-05-24 02:05:50,14.0,-11.0,90.63,16,88,5.59,overcast clouds
375,Kangalassy,RU,2021-05-24 02:05:50,62.3464,129.9628,53.53,43,100,17.0,overcast clouds
376,Lewiston,US,2021-05-24 02:05:50,44.1003,-70.2148,60.39,55,75,5.75,broken clouds
377,Pokhara,NP,2021-05-24 02:05:51,28.2333,83.9833,82.24,41,0,2.3,clear sky
378,Margate,GB,2021-05-24 02:05:51,51.3813,1.3862,51.91,78,100,4.0,overcast clouds
379,Bilibino,RU,2021-05-24 02:04:57,68.0546,166.4372,37.33,70,7,1.54,clear sky
380,Mushie,CD,2021-05-24 02:05:51,-3.0167,16.9,71.49,97,95,0.38,overcast clouds
381,Anadyr,RU,2021-05-24 02:05:52,64.75,177.4833,41.5,89,75,11.01,broken clouds
382,Soltsy,RU,2021-05-24 02:05:52,58.1239,30.3238,44.98,95,60,11.74,broken clouds
383,Camabatela,AO,2021-05-24 02:05:52,-8.1881,15.375,62.91,63,94,3.8,overcast clouds
384,Kavieng,PG,2021-05-24 02:05:53,-2.5744,150.7967,82.67,76,100,6.85,overcast clouds
385,Kamenka,RU,2021-05-24 02:05:53,51.3223,42.7678,53.53,88,58,6.96,broken clouds
386,Novomykolayivka,UA,2021-05-24 02:05:53,47.9781,35.9102,57.45,82,36,4.25,scattered clouds
387,Alekseyevskoye,RU,2021-05-24 02:05:53,55.3071,50.1135,57.88,97,72,10.58,light rain
388,Saint-Francois,FR,2021-05-24 02:05:54,46.4154,3.9054,44.47,87,0,4.61,clear sky
389,Petatlan,MX,2021-05-24 02:05:54,17.5167,-101.2667,80.44,62,0,3.51,clear sky
390,Saint-Pierre,RE,2021-05-24 02:05:54,-21.3393,55.4781,67.68,94,75,5.75,broken clouds
391,Vyshkovo,UA,2021-05-24 02:05:55,48.0491,23.4211,51.87,96,83,4.09,broken clouds
392,Wakkanai,JP,2021-05-24 02:05:55,45.4094,141.6739,50.2,88,99,9.78,overcast clouds
393,Maragogi,BR,2021-05-24 02:03:57,-9.0122,-35.2225,77.49,85,95,8.93,overcast clouds
394,Tubuala,PA,2021-05-24 02:05:55,9.5167,-79.0333,77.32,86,100,3.42,overcast clouds
395,Bluefield,US,2021-05-24 02:03:11,37.2698,-81.2223,71.11,69,1,5.75,clear sky
396,Businga,CD,2021-05-24 02:04:20,3.3333,20.8833,70.97,97,100,3.04,overcast clouds
397,Najran,SA,2021-05-24 02:05:56,17.4924,44.1277,75.76,46,1,8.34,clear sky
398,Simao,CN,2021-05-24 02:05:56,22.7886,100.9748,74.59,77,98,2.37,overcast clouds
399,Constantine,DZ,2021-05-24 02:05:57,36.365,6.6147,69.84,52,98,5.48,overcast clouds
400,Moose Factory,CA,2021-05-24 02:05:57,51.2585,-80.6094,28.44,75,62,3.83,broken clouds
401,Kropotkin,RU,2021-05-24 02:05:57,45.4375,40.5756,62.64,95,100,5.75,overcast clouds
402,Victoria,HK,2021-05-24 02:01:20,22.2855,114.1577,92.97,78,82,1.01,light rain
403,Vardo,NO,2021-05-24 02:05:20,70.3705,31.1107,35.46,67,16,6.38,few clouds
404,Rambha,IN,2021-05-24 02:05:58,19.5167,85.1,89.24,60,100,7.0,heavy intensity rain
405,Pamanukan,ID,2021-05-24 02:05:58,-6.2842,107.8106,84.06,73,41,6.49,scattered clouds
406,Zile,TR,2021-05-24 02:05:58,40.3031,35.8864,51.12,95,66,0.65,broken clouds
407,Fort-Shevchenko,KZ,2021-05-24 02:05:59,44.5086,50.263,74.62,35,0,8.46,clear sky
408,Baker City,US,2021-05-24 02:05:10,44.7749,-117.8344,59.32,47,75,8.05,broken clouds
409,Berlevag,NO,2021-05-24 02:05:59,70.8578,29.0864,35.69,68,14,2.46,few clouds
410,Chernyshkovskiy,RU,2021-05-24 02:05:59,48.4219,42.2308,63.23,81,98,0.0,light rain
411,Kiunga,PG,2021-05-24 02:06:00,-6.1219,141.2906,81.3,77,95,4.7,overcast clouds
412,Glenwood Springs,US,2021-05-24 02:06:00,39.5505,-107.3248,59.92,35,78,8.01,broken clouds
413,Lac Du Bonnet,CA,2021-05-24 02:06:00,50.2536,-96.0612,53.58,82,100,9.26,overcast clouds
414,Yulara,AU,2021-05-24 02:06:01,-25.2406,130.9889,80.44,22,40,20.71,scattered clouds
415,Chunoyar,RU,2021-05-24 02:06:01,57.4467,97.3217,49.93,97,100,6.02,light rain
416,Puerto Leguizamo,CO,2021-05-24 02:06:02,-0.1934,-74.7819,73.81,97,100,1.74,overcast clouds
417,Ancud,CL,2021-05-24 02:06:02,-41.8697,-73.8203,52.43,91,100,10.29,overcast clouds
418,Aksu,CN,2021-05-24 02:04:54,41.1231,80.2644,72.68,21,100,3.69,overcast clouds
419,Timiryazevskoye,RU,2021-05-24 02:06:02,56.49,84.8769,64.09,65,51,9.75,broken clouds
420,Buritizeiro,BR,2021-05-24 02:06:03,-17.3511,-44.9622,70.72,61,30,1.79,scattered clouds
421,Koyelga,RU,2021-05-24 02:06:03,54.6522,60.9049,69.64,64,92,5.44,overcast clouds
422,Gimli,CA,2021-05-24 02:06:03,50.6336,-96.9907,55.44,86,100,10.04,overcast clouds
423,Nara,JP,2021-05-24 02:02:19,34.6851,135.8049,72.7,77,100,1.43,overcast clouds
424,Salalah,OM,2021-05-24 02:06:04,17.0151,54.0924,82.49,78,40,2.3,scattered clouds
425,Turukhansk,RU,2021-05-24 02:06:04,65.8167,87.9833,41.14,90,100,17.34,overcast clouds
426,Coahuayana,MX,2021-05-24 02:06:04,18.7333,-103.6833,76.46,79,4,2.24,clear sky
427,Esmeraldas,BR,2021-05-24 02:04:18,-19.7625,-44.3139,67.06,69,100,3.04,overcast clouds
428,Jizan,SA,2021-05-24 02:06:04,17.3333,42.6667,86.7,45,0,6.82,clear sky
429,Louth,GB,2021-05-24 02:06:05,53.3666,-0.0044,47.25,95,96,7.72,overcast clouds
430,Hirara,JP,2021-05-24 02:06:05,24.8,125.2833,81.82,85,56,16.89,broken clouds
431,Iberia,US,2021-05-24 02:06:05,29.9502,-91.7507,76.05,84,1,7.67,clear sky
432,Umm Bab,QA,2021-05-24 02:06:06,25.2142,50.8072,83.88,42,0,4.14,clear sky
433,Omaruru,NA,2021-05-24 02:06:06,-21.4333,15.9333,56.84,48,0,8.03,clear sky
434,Tete,MZ,2021-05-24 02:06:06,-16.1564,33.5867,66.29,88,75,3.44,broken clouds
435,Banamba,ML,2021-05-24 02:06:06,13.55,-7.45,86.83,33,75,6.87,broken clouds
436,Grootfontein,NA,2021-05-24 02:06:07,-19.5667,18.1167,50.61,59,0,4.16,clear sky
437,Hambantota,LK,2021-05-24 02:06:07,6.1241,81.1185,79.14,78,75,19.1,broken clouds
438,Neuquen,AR,2021-05-24 02:06:08,-38.9516,-68.0591,48.09,81,0,4.61,clear sky
439,Andover,GB,2021-05-24 02:06:08,51.2083,-1.4825,47.35,93,76,5.01,broken clouds
440,Ginir,ET,2021-05-24 02:06:08,7.1333,40.7,54.19,89,100,3.24,overcast clouds
441,Zhumadian,CN,2021-05-24 02:06:09,32.9794,114.0294,79.38,34,95,5.39,overcast clouds
442,Muros,ES,2021-05-24 02:06:09,42.7762,-9.0603,58.23,81,90,12.15,overcast clouds
443,Buraydah,SA,2021-05-24 02:06:09,26.326,43.975,84.45,22,79,8.97,broken clouds
444,Amapa,BR,2021-05-24 02:06:10,1.0,-52.0,72.79,99,100,2.17,overcast clouds
445,Russell,US,2021-05-24 02:06:10,32.3502,-85.1999,80.2,57,1,3.11,clear sky
446,Farafangana,MG,2021-05-24 02:06:10,-22.8167,47.8333,67.51,77,73,4.5,broken clouds
447,Aguimes,ES,2021-05-24 02:06:11,27.9054,-15.4461,63.23,59,40,21.85,scattered clouds
448,Dongning,CN,2021-05-24 02:06:11,44.0622,131.1207,68.95,26,2,9.82,clear sky
449,Madera,US,2021-05-24 02:01:34,37.1666,-119.8343,79.56,27,1,1.01,clear sky
450,Kyren,RU,2021-05-24 02:06:11,51.6828,102.1408,48.11,64,87,0.58,overcast clouds
451,Boyolangu,ID,2021-05-24 02:06:12,-8.1181,111.8935,81.99,75,87,4.72,overcast clouds
452,Liaoyang,CN,2021-05-24 02:06:12,41.2719,123.1731,71.19,16,51,11.9,broken clouds
453,San Patricio,US,2021-05-24 02:06:12,28.017,-97.5169,78.89,85,0,10.63,clear sky
454,Awjilah,LY,2021-05-24 02:06:13,29.1081,21.2869,73.18,14,0,8.19,clear sky
455,Punta Umbria,ES,2021-05-24 02:06:13,37.1821,-6.9661,56.01,68,0,20.02,clear sky
456,Poya,NC,2021-05-24 02:06:13,-21.35,165.15,74.34,57,15,9.6,few clouds
457,Rivadavia,AR,2021-05-24 02:06:13,-33.1905,-68.4608,49.6,46,77,6.31,broken clouds
458,Hami,CN,2021-05-24 02:06:14,42.8,93.45,71.56,14,0,2.44,clear sky
459,Havelock,US,2021-05-24 02:06:14,34.8791,-76.9013,75.94,82,2,4.36,clear sky
460,Biak,ID,2021-05-24 02:06:14,-0.9131,122.8766,81.27,73,95,9.42,overcast clouds
461,Big Bend,SZ,2021-05-24 02:06:15,-26.8167,31.9333,56.16,94,3,2.17,clear sky
462,Santa Marta,CO,2021-05-24 02:01:54,11.2408,-74.199,84.97,73,96,11.99,overcast clouds
463,Muktsar,IN,2021-05-24 02:06:15,30.4833,74.5167,85.78,34,0,4.25,clear sky
464,Nouakchott,MR,2021-05-24 02:06:15,18.0858,-15.9785,66.13,92,0,14.43,clear sky
465,Mingshui,CN,2021-05-24 02:06:15,36.7167,117.5,77.32,24,0,14.18,clear sky
466,Krasnoselkup,RU,2021-05-24 02:06:16,65.7,82.4667,54.1,66,12,12.15,few clouds
467,Wagga Wagga,AU,2021-05-24 02:06:16,-35.1167,147.3667,67.6,51,36,8.77,scattered clouds
468,Santiago Atitlan,GT,2021-05-24 02:06:16,14.6382,-91.229,66.72,93,99,3.36,overcast clouds
469,Buchanan,LR,2021-05-24 02:06:17,5.8808,-10.0467,79.65,83,83,3.94,broken clouds
470,Palu,ID,2021-05-24 02:06:17,-0.8917,119.8707,87.37,66,66,1.01,broken clouds
471,Viedma,AR,2021-05-24 02:06:17,-40.8135,-62.9967,50.13,66,85,10.0,overcast clouds
472,Aykhal,RU,2021-05-24 02:06:18,66.0,111.5,46.71,48,24,19.24,few clouds
473,Portland,US,2021-05-24 02:03:49,45.5234,-122.6762,64.56,60,75,1.01,broken clouds
474,Zhezkazgan,KZ,2021-05-24 02:05:14,47.8043,67.7144,70.7,36,0,12.26,clear sky
475,Harper,LR,2021-05-24 02:03:08,4.375,-7.7169,79.72,84,46,4.07,scattered clouds
476,Wadi Musa,JO,2021-05-24 02:06:18,30.3222,35.4793,53.64,54,5,2.39,clear sky
477,Vung Tau,VN,2021-05-24 02:06:18,10.346,107.0843,78.85,89,100,12.39,overcast clouds
478,Kautokeino,NO,2021-05-24 02:06:19,69.0125,23.0412,23.79,92,68,3.06,broken clouds
479,Tura,IN,2021-05-24 02:06:19,25.5198,90.2201,86.52,60,36,3.22,scattered clouds
480,Sisimiut,GL,2021-05-24 02:06:19,66.9395,-53.6735,31.14,85,100,8.75,overcast clouds
481,Leiyang,CN,2021-05-24 02:06:19,26.4024,112.8591,64.17,95,100,1.92,light rain
482,Honiara,SB,2021-05-24 02:06:20,-9.4333,159.95,81.95,78,100,5.95,heavy intensity rain
483,Faya,SA,2021-05-24 02:06:20,18.3851,42.4509,63.12,38,0,2.86,clear sky
484,Pulandian,CN,2021-05-24 02:06:20,39.3953,121.9669,71.73,22,85,10.49,overcast clouds
485,Byron Bay,AU,2021-05-24 02:06:21,-28.65,153.6167,74.05,61,70,15.19,broken clouds
486,La Ciotat,FR,2021-05-24 02:06:21,43.1748,5.6045,60.82,61,100,7.16,light rain
487,Caravelas,BR,2021-05-24 02:06:21,-17.7125,-39.2481,75.27,89,47,9.64,scattered clouds
488,Denizli,TR,2021-05-24 02:06:22,37.8402,29.0698,52.65,49,1,3.22,clear sky
489,Jalpan,MX,2021-05-24 02:06:22,21.2333,-99.4833,77.31,67,99,5.59,overcast clouds
490,Beringovskiy,RU,2021-05-24 02:06:22,63.05,179.3167,32.32,98,100,11.5,overcast clouds
491,Manggar,ID,2021-05-24 02:06:23,-2.8833,108.2667,85.91,65,13,10.31,few clouds
492,Malakal,SS,2021-05-24 02:06:23,9.5334,31.6605,83.26,58,30,7.02,scattered clouds
493,Nuuk,GL,2021-05-24 02:03:26,64.1835,-51.7216,27.21,93,90,5.75,light snow
494,Bad Doberan,DE,2021-05-24 02:06:23,54.1071,11.9005,48.11,83,83,1.01,broken clouds
495,Howard Springs,AU,2021-05-24 02:06:24,-12.497,131.047,86.83,44,92,8.77,overcast clouds
496,Riverton,US,2021-05-24 02:06:24,40.5219,-111.9391,53.19,70,40,3.0,scattered clouds
497,Bowen,AU,2021-05-24 02:06:24,-20.0167,148.2333,76.48,64,5,19.75,clear sky
498,Sangueya,GN,2021-05-24 02:06:25,10.7,-14.3667,78.17,83,4,2.68,clear sky
499,Namatanai,PG,2021-05-24 02:06:25,-3.6667,152.4333,82.8,75,100,5.86,overcast clouds
500,Nakatsugawa,JP,2021-05-24 02:06:25,35.4833,137.5,75.11,40,89,3.36,overcast clouds
501,Taseyevo,RU,2021-05-24 02:06:26,57.2169,94.8978,55.26,96,100,9.71,light rain
502,Palmer,US,2021-05-24 02:06:26,42.1584,-72.3287,65.48,59,75,4.0,broken clouds
503,Bathsheba,BB,2021-05-24 02:06:26,13.2167,-59.5167,81.21,79,75,17.52,broken clouds
504,Araci,BR,2021-05-24 02:06:27,-11.3333,-38.9667,67.01,87,38,4.7,scattered clouds
505,Madison,US,2021-05-24 02:02:12,34.7334,-86.5667,76.6,60,75,1.99,broken clouds
506,Neverkino,RU,2021-05-24 02:06:27,52.7854,46.7417,63.3,88,100,12.53,overcast clouds
507,Peniche,PT,2021-05-24 02:06:27,39.3558,-9.3811,60.12,81,73,13.35,broken clouds
508,Abu Dhabi,AE,2021-05-24 02:05:48,24.4667,54.3667,87.91,43,0,11.25,clear sky
509,Dongsheng,CN,2021-05-24 02:06:28,39.8161,109.9776,54.73,20,82,23.69,broken clouds
510,Isangel,VU,2021-05-24 02:06:28,-19.55,169.2667,75.45,61,55,9.62,broken clouds
511,Silver City,US,2021-05-24 02:06:29,32.7701,-108.2803,69.76,8,1,9.82,clear sky
512,Quelimane,MZ,2021-05-24 02:06:29,-17.8786,36.8883,69.75,83,75,5.75,broken clouds
513,Ligayan,PH,2021-05-24 02:06:29,4.6533,119.4706,84.31,72,100,9.64,overcast clouds
514,Souillac,MU,2021-05-24 02:06:30,-20.5167,57.5167,71.98,82,20,13.11,few clouds
515,Languyan,PH,2021-05-24 02:06:30,5.2618,120.0807,83.34,78,79,4.76,broken clouds
516,Flinders,AU,2021-05-24 02:05:33,-34.5833,150.8552,64.38,87,60,1.99,broken clouds
517,Manitowoc,US,2021-05-24 02:04:14,44.0667,-87.8001,55.29,81,90,3.0,overcast clouds
518,Orbetello,IT,2021-05-24 02:06:30,42.4408,11.2196,65.62,91,100,7.0,overcast clouds
519,Keti Bandar,PK,2021-05-24 02:06:31,24.1447,67.4497,84.85,68,39,12.95,scattered clouds
520,Santa Isabel,BR,2021-05-24 02:06:31,-23.3156,-46.2214,67.71,86,99,9.64,overcast clouds
521,La Libertad,EC,2021-05-24 02:06:32,-2.2333,-80.9,71.38,87,31,9.73,scattered clouds
522,Vao,NC,2021-05-24 02:06:32,-22.6667,167.4833,71.46,57,15,17.16,few clouds
523,Itarema,BR,2021-05-24 02:06:32,-2.9248,-39.9167,78.31,85,7,11.54,clear sky
524,Belaya Gora,RU,2021-05-24 02:06:33,68.5333,146.4167,43.2,64,97,0.6,overcast clouds
525,Palora,EC,2021-05-24 02:06:33,-1.7,-77.9333,65.53,97,17,2.57,moderate rain
526,Mitsamiouli,KM,2021-05-24 02:06:33,-11.3847,43.2844,77.83,63,5,12.48,clear sky
527,Nantucket,US,2021-05-24 02:04:13,41.2835,-70.0995,63.07,82,90,14.97,overcast clouds
528,Karratha,AU,2021-05-24 02:06:33,-20.7377,116.8463,71.82,53,100,11.72,overcast clouds
529,Gomel,BY,2021-05-24 02:05:27,52.4345,30.9754,48.11,91,100,4.21,overcast clouds
530,Benguela,AO,2021-05-24 02:06:34,-12.5763,13.4055,74.5,82,13,2.44,few clouds
531,Manzhouli,CN,2021-05-24 02:06:34,49.6,117.4333,47.05,36,99,24.27,overcast clouds
532,Stanislav,UA,2021-05-24 02:06:35,46.5691,32.1478,57.29,77,42,12.53,scattered clouds
533,Ormara,PK,2021-05-24 02:06:35,25.2088,64.6357,83.52,72,100,6.13,overcast clouds
534,Sterling,US,2021-05-24 02:03:14,39.0062,-77.4286,83.39,58,75,3.44,broken clouds
535,Kawalu,ID,2021-05-24 02:05:36,-7.3817,108.2082,79.88,80,98,2.53,overcast clouds
536,Altamont,US,2021-05-24 02:03:25,42.2068,-121.7372,60.64,36,40,4.0,scattered clouds
537,Rocky Mountain House,CA,2021-05-24 02:06:36,52.3668,-114.9188,47.82,80,100,9.51,overcast clouds
538,The Valley,AI,2021-05-24 02:06:36,18.217,-63.0578,82.26,82,100,16.69,overcast clouds
539,Abashiri,JP,2021-05-24 02:02:49,44.0213,144.2697,43.43,97,100,13.35,overcast clouds
540,Punta Alta,AR,2021-05-24 02:04:31,-38.8759,-62.0736,50.34,70,0,10.22,clear sky
541,Vero Beach,US,2021-05-24 02:06:19,27.6386,-80.3973,76.05,67,1,3.0,clear sky
542,Puerto Carreno,CO,2021-05-24 02:06:36,6.189,-67.4859,77.02,91,99,6.29,overcast clouds
543,Rzhyshchiv,UA,2021-05-24 02:06:37,49.9689,31.0463,56.37,97,100,9.71,overcast clouds
544,Poronaysk,RU,2021-05-24 02:06:37,49.2167,143.1167,48.15,75,41,8.08,scattered clouds
545,Harare,ZW,2021-05-24 02:05:14,-17.8294,31.0539,31.64,80,0,10.29,clear sky
546,Mineros,BO,2021-05-24 02:06:37,-17.1167,-63.2333,67.12,29,100,9.35,overcast clouds
547,Virginia Beach,US,2021-05-24 02:05:25,36.8529,-75.978,84.27,53,40,5.75,scattered clouds
548,Bonavista,CA,2021-05-24 02:06:38,48.6499,-53.1147,39.11,99,100,21.63,moderate rain
549,Zaoyang,CN,2021-05-24 02:06:38,32.1272,112.7542,74.89,46,57,6.67,broken clouds
550,Quetta,PK,2021-05-24 02:06:38,30.199,67.0097,66.69,39,0,4.47,clear sky
551,Luba,GQ,2021-05-24 02:06:39,3.4568,8.5547,80.31,81,84,1.45,light rain
552,Wewak,PG,2021-05-24 02:06:39,-3.5534,143.6268,83.59,72,100,3.31,overcast clouds
553,Nyurba,RU,2021-05-24 02:06:39,63.2842,118.3319,55.85,27,20,6.04,few clouds
554,Ozernovskiy,RU,2021-05-24 02:06:40,51.5,156.5167,43.23,68,100,1.5,overcast clouds
555,Xingyi,CN,2021-05-24 02:06:40,24.1877,102.817,68.43,70,96,5.37,overcast clouds
556,Vernon,CA,2021-05-24 02:06:40,50.2581,-119.2691,74.3,42,100,4.0,overcast clouds
557,At-Bashi,KG,2021-05-24 02:06:41,41.1702,75.8106,55.87,32,82,4.56,broken clouds
558,Campina Grande Do Sul,BR,2021-05-24 02:06:41,-25.3056,-49.0553,52.99,56,0,8.03,clear sky
559,Gedo,ET,2021-05-24 02:06:41,9.0167,37.45,54.57,78,78,1.34,broken clouds
560,San Policarpo,PH,2021-05-24 02:06:42,12.1791,125.5072,85.48,67,11,4.92,few clouds
561,Abu Zabad,SD,2021-05-24 02:06:42,12.35,29.25,81.57,13,12,6.31,few clouds
562,Port-Gentil,GA,2021-05-24 02:06:43,-0.7193,8.7815,79.29,85,100,12.75,overcast clouds
563,Rocha,UY,2021-05-24 02:06:43,-34.4833,-54.3333,54.81,89,100,21.52,overcast clouds
564,Siderno,IT,2021-05-24 02:06:43,38.2779,16.302,68.0,62,9,1.36,clear sky
565,Safaga,EG,2021-05-24 02:06:43,26.7292,33.9365,76.44,42,0,16.02,clear sky
566,Pimentel,PE,2021-05-24 02:06:44,-6.8367,-79.9342,66.0,85,30,3.0,scattered clouds
567,Mareeba,AU,2021-05-24 02:06:44,-17.0,145.4333,72.45,60,70,11.18,broken clouds
568,Nelson Bay,AU,2021-05-24 02:06:44,-32.7167,152.15,68.29,80,0,1.01,clear sky
569,Teguldet,RU,2021-05-24 02:06:45,57.3064,88.1667,61.88,68,36,12.86,scattered clouds
570,Veshkayma,RU,2021-05-24 02:06:45,54.05,47.1333,58.08,96,97,8.7,overcast clouds
571,Itaguai,BR,2021-05-24 02:02:13,-22.8522,-43.7753,75.58,77,100,2.62,overcast clouds
572,Ambilobe,MG,2021-05-24 02:06:45,-13.2,49.05,66.34,89,99,3.2,overcast clouds
573,Pritzwalk,DE,2021-05-24 02:06:46,53.1494,12.1741,46.58,91,49,7.63,scattered clouds
574,Sayat,TM,2021-05-24 02:06:46,38.7839,63.8803,82.71,14,0,3.76,clear sky
575,Ca Mau,VN,2021-05-24 02:06:46,9.1769,105.15,78.64,86,100,14.09,light rain
576,Washington,US,2021-05-24 02:04:47,47.5001,-120.5015,67.95,43,5,13.06,clear sky
577,Artyom,AZ,2021-05-24 02:06:47,40.4723,50.333,71.74,81,28,19.13,scattered clouds
578,Nova Varos,RS,2021-05-24 02:06:47,43.4606,19.8114,48.99,96,100,2.28,overcast clouds
579,Comodoro Rivadavia,AR,2021-05-24 02:06:24,-45.8667,-67.5,56.32,58,0,33.24,clear sky
580,La Plata,AR,2021-05-24 02:06:47,-34.9215,-57.9545,53.37,85,2,13.71,clear sky
581,Emba,KZ,2021-05-24 02:06:48,48.8264,58.1442,73.08,37,0,8.59,clear sky
582,Xining,CN,2021-05-24 02:06:48,36.6167,101.7667,50.16,52,23,1.45,few clouds
583,Maryborough,AU,2021-05-24 02:06:48,-25.5333,152.7,70.11,52,85,10.27,overcast clouds
584,Orchard Homes,US,2021-05-24 02:06:49,46.8633,-114.0484,47.28,87,90,1.01,light rain
585,Buala,SB,2021-05-24 02:06:49,-8.145,159.5921,80.78,85,100,10.92,moderate rain
586,Panaba,MX,2021-05-24 02:06:49,21.2833,-88.2667,77.29,78,100,10.67,overcast clouds
587,Kroya,ID,2021-05-24 02:06:50,-7.6331,109.2461,84.2,74,61,4.16,broken clouds
588,Cap-Aux-Meules,CA,2021-05-24 02:06:50,47.3821,-61.8597,42.85,81,75,26.46,broken clouds
589,Warri,NG,2021-05-24 02:02:06,5.5167,5.75,76.17,90,55,2.33,broken clouds
590,Nalut,LY,2021-05-24 02:06:51,30.3333,10.85,81.54,24,84,13.65,broken clouds
591,Dicamay,PH,2021-05-24 02:06:51,16.7561,122.0037,93.72,42,0,3.51,clear sky
592,Kungurtug,RU,2021-05-24 02:06:51,50.5994,97.5228,41.86,95,100,1.3,overcast clouds
593,Taunggyi,MM,2021-05-24 02:03:13,20.7833,97.0333,76.82,60,95,4.12,overcast clouds
594,Agirish,RU,2021-05-24 02:06:52,61.9247,63.0231,57.38,53,98,4.27,overcast clouds
595,Huarmey,PE,2021-05-24 02:06:52,-10.0681,-78.1522,66.47,85,97,10.18,overcast clouds
596,Hailar,CN,2021-05-24 02:04:31,49.2,119.7,44.51,48,100,20.85,overcast clouds
597,Toora-Khem,RU,2021-05-24 02:06:52,52.4675,96.11,47.43,92,100,2.57,light rain
598,Warrnambool,AU,2021-05-24 02:06:53,-38.3833,142.4833,59.81,57,100,19.46,overcast clouds
599,Kuldiga,LV,2021-05-24 02:06:53,56.974,21.9572,49.69,91,76,8.79,broken clouds
600,Jiaocheng,CN,2021-05-24 02:06:53,24.6774,116.1389,84.36,76,67,4.23,broken clouds
601,Tahoua,NE,2021-05-24 02:06:53,14.8888,5.2692,90.93,25,60,8.37,broken clouds
602,Pendleton,US,2021-05-24 02:05:03,45.6721,-118.7886,67.42,46,90,10.0,light rain
603,Armacao De Pera,PT,2021-05-24 02:06:54,37.1026,-8.357,58.91,72,0,13.56,clear sky
604,Chicama,PE,2021-05-24 02:06:54,-7.8447,-79.1469,63.14,84,100,5.95,overcast clouds
605,Mecca,SA,2021-05-24 02:02:16,21.4267,39.8261,82.69,48,5,0.98,clear sky
606,Erie,US,2021-05-24 02:04:39,42.7667,-78.6664,63.82,80,100,1.99,overcast clouds
607,Saint-Denis,FR,2021-05-24 02:06:55,48.9167,2.3333,54.75,72,0,7.0,clear sky
608,Achacachi,BO,2021-05-24 02:06:55,-16.05,-68.6833,43.63,78,100,5.28,overcast clouds
609,Aswan,EG,2021-05-24 02:06:55,24.0934,32.907,75.51,25,0,8.81,clear sky
610,Mizdah,LY,2021-05-24 02:06:56,31.4451,12.9801,68.59,41,78,6.06,broken clouds
611,Saltpond,GH,2021-05-24 02:06:56,5.2091,-1.0606,78.8,88,69,5.44,broken clouds
612,Tilichiki,RU,2021-05-24 02:06:56,60.4667,166.1,35.74,84,100,11.32,overcast clouds
613,Batagay-Alyta,RU,2021-05-24 02:06:57,67.8006,130.4114,42.1,54,7,8.46,clear sky
614,Zabaykalsk,RU,2021-05-24 02:06:57,49.6333,117.3167,46.6,37,99,24.36,overcast clouds
615,Yamada,JP,2021-05-24 02:06:57,39.4667,141.95,68.29,63,95,5.59,overcast clouds
616,Nenjiang,CN,2021-05-24 02:06:58,49.1833,125.2167,47.17,60,100,14.83,overcast clouds
617,Kahului,US,2021-05-24 02:05:44,20.8947,-156.47,82.98,74,40,16.11,light rain
618,Curitibanos,BR,2021-05-24 02:06:58,-27.2828,-50.5844,44.56,80,68,10.04,broken clouds
619,Sainte-Savine,FR,2021-05-24 02:06:58,48.2964,4.0464,49.98,93,0,5.75,clear sky
620,Severo-Yeniseyskiy,RU,2021-05-24 02:06:59,60.3725,93.0408,50.09,90,100,10.67,light rain
621,Limbang,MY,2021-05-24 02:03:08,4.75,115.0,84.31,74,100,1.99,overcast clouds
622,Meulaboh,ID,2021-05-24 02:05:01,4.1363,96.1285,82.22,74,81,3.36,broken clouds
623,Andrews,US,2021-05-24 02:06:59,32.3187,-102.5457,78.06,53,1,17.27,clear sky
624,Omboue,GA,2021-05-24 02:06:04,-1.5746,9.2618,75.83,93,100,6.13,light rain
625,Eston,CA,2021-05-24 02:06:59,51.1501,-108.7514,48.33,91,100,9.91,overcast clouds
626,Chama,CH,2021-05-24 02:07:00,47.1821,8.4636,48.34,77,40,2.91,scattered clouds
627,Pontes E Lacerda,BR,2021-05-24 02:07:00,-15.2261,-59.3353,66.09,68,100,6.69,overcast clouds
628,Peto,MX,2021-05-24 02:07:00,20.1333,-88.9167,73.98,90,93,3.18,overcast clouds
629,Takoradi,GH,2021-05-24 02:07:01,4.8845,-1.7554,79.47,85,68,5.99,broken clouds
630,Eldoret,KE,2021-05-24 02:07:01,0.5204,35.2699,56.86,91,94,1.14,overcast clouds
631,Alzey,DE,2021-05-24 02:07:01,49.7517,8.1161,48.27,88,2,4.36,clear sky
632,Eyl,SO,2021-05-24 02:07:02,7.9803,49.8164,79.56,69,15,16.78,few clouds
633,Kemijarvi,FI,2021-05-24 02:07:02,66.7131,27.4306,32.94,83,100,7.67,overcast clouds
634,Roma,US,2021-05-24 02:07:03,43.2128,-75.4557,58.84,74,1,0.0,clear sky
635,Muzaffarabad,PK,2021-05-24 02:07:03,34.37,73.4711,69.98,53,60,3.65,broken clouds
636,Porbandar,IN,2021-05-24 02:07:03,21.6422,69.6093,84.92,69,2,8.1,clear sky
637,Shimoda,JP,2021-05-24 02:06:10,34.6667,138.95,79.11,66,94,7.99,overcast clouds
638,Benton Harbor,US,2021-05-24 02:07:04,42.1167,-86.4542,72.75,86,75,0.0,broken clouds
639,Alexandria,EG,2021-05-24 02:06:12,31.2156,29.9553,68.68,67,5,10.4,clear sky
640,Trelew,AR,2021-05-24 02:06:23,-43.249,-65.3051,54.64,59,95,9.53,overcast clouds
641,Benalla,AU,2021-05-24 02:07:04,-36.55,145.9833,64.98,52,100,11.32,overcast clouds
642,Akot,IN,2021-05-24 02:07:04,21.0964,77.0586,88.52,35,73,16.06,broken clouds
643,Varhaug,NO,2021-05-24 02:07:05,58.6147,5.6457,44.89,81,70,10.71,broken clouds
644,Kankan,GN,2021-05-24 02:07:05,10.3854,-9.3057,79.45,56,100,4.18,overcast clouds
645,Sukhumi,GE,2021-05-24 02:07:05,43.0033,41.0153,59.36,95,100,7.18,overcast clouds
646,Campbell River,CA,2021-05-24 02:07:06,50.0163,-125.2446,60.6,72,98,4.18,overcast clouds
647,Ajdabiya,LY,2021-05-24 02:07:06,30.7554,20.2263,72.64,19,0,11.88,clear sky
648,Rongcheng,CN,2021-05-24 02:07:06,30.634,117.8517,73.29,70,77,3.0,broken clouds
649,Mnogovershinnyy,RU,2021-05-24 02:07:07,53.9353,139.9242,38.19,89,100,9.1,overcast clouds
650,Lipin Bor,RU,2021-05-24 02:07:07,60.2622,37.9763,47.97,90,92,10.45,overcast clouds
651,Serenje,ZM,2021-05-24 02:07:08,-13.2325,30.2352,52.23,89,89,7.72,overcast clouds
652,Rawson,AR,2021-05-24 02:07:08,-43.3002,-65.1023,54.55,63,66,11.05,broken clouds
653,Havre-Saint-Pierre,CA,2021-05-24 02:07:08,50.2334,-63.5986,38.68,56,1,8.39,clear sky
654,Mmathubudukwane,BW,2021-05-24 02:07:09,-24.6,26.4333,49.37,79,3,3.29,clear sky
655,Mangrol,IN,2021-05-24 02:07:09,21.1167,70.1167,84.2,72,8,7.09,clear sky
656,Pangnirtung,CA,2021-05-24 02:07:09,66.1451,-65.7125,7.79,87,50,8.08,scattered clouds
657,Talara,PE,2021-05-24 02:07:10,-4.5772,-81.2719,67.73,88,16,15.23,few clouds
658,Cabedelo,BR,2021-05-24 02:07:10,-6.9811,-34.8339,77.67,86,19,10.8,few clouds
659,Staraya Toropa,RU,2021-05-24 02:07:10,56.2801,31.6702,43.23,99,43,5.53,scattered clouds
660,Chaihe,CN,2021-05-24 02:07:11,44.7667,129.7,63.03,25,45,15.37,scattered clouds
661,Kalmunai,LK,2021-05-24 02:04:32,7.4167,81.8167,82.8,73,76,3.76,broken clouds
662,Phibun Mangsahan,TH,2021-05-24 02:07:11,15.2447,105.2291,83.34,73,100,6.82,overcast clouds
663,Arlit,NE,2021-05-24 02:07:11,18.7369,7.3853,88.36,9,8,10.02,clear sky
664,Clyde River,CA,2021-05-24 02:07:12,70.4692,-68.5914,19.63,93,90,20.71,light snow
665,Pangody,RU,2021-05-24 02:07:12,65.85,74.4859,44.37,62,54,28.45,broken clouds
666,Magistralnyy,RU,2021-05-24 02:07:13,56.1725,107.4458,52.16,37,91,4.47,overcast clouds
667,Kiomboi,TZ,2021-05-24 02:07:13,-4.2667,34.3667,55.72,84,65,6.73,broken clouds
668,Rio Grande,BR,2021-05-24 02:07:13,-32.035,-52.0986,55.94,74,99,27.87,overcast clouds
669,Turka,UA,2021-05-24 02:07:14,49.1541,23.0297,45.79,97,97,2.93,overcast clouds
670,Baykit,RU,2021-05-24 02:07:14,61.67,96.37,44.49,99,100,3.85,moderate rain
671,Chanute,US,2021-05-24 02:07:14,37.6792,-95.4572,70.5,88,40,5.75,scattered clouds
672,Kefalos,GR,2021-05-24 02:07:15,36.7453,26.9589,68.22,78,0,17.22,clear sky
673,Ust-Ishim,RU,2021-05-24 02:07:15,57.6935,71.1665,61.43,70,98,4.97,overcast clouds
674,Sioux Lookout,CA,2021-05-24 02:07:15,50.1001,-91.917,46.85,60,100,7.54,overcast clouds
675,Bousso,TD,2021-05-24 02:07:16,10.4795,16.7117,83.71,30,85,1.16,overcast clouds
676,Vaitape,PF,2021-05-24 02:07:16,-16.5167,-151.75,81.23,76,100,9.86,light rain
677,Cascais,PT,2021-05-24 02:07:16,38.6979,-9.4215,61.47,73,6,13.0,clear sky
678,Drezdenko,PL,2021-05-24 02:06:34,52.8383,15.8308,45.64,95,25,3.85,scattered clouds
679,Kaabong,UG,2021-05-24 02:07:17,3.4836,34.1492,65.89,81,89,1.63,light rain
680,Tezu,IN,2021-05-24 02:07:17,27.9167,96.1667,89.47,49,3,2.37,clear sky
681,Kieta,PG,2021-05-24 02:05:44,-6.2167,155.6333,85.26,73,100,6.49,light rain
682,Yulin,CN,2021-05-24 02:06:14,22.6333,110.15,81.79,82,100,6.22,light rain
683,Houma,US,2021-05-24 02:07:18,29.5958,-90.7195,78.01,86,1,5.75,clear sky
684,Gao,ML,2021-05-24 02:04:52,16.6362,1.637,90.99,20,44,7.31,scattered clouds
685,Ingham,US,2021-05-24 02:07:18,42.6,-84.3833,65.55,94,90,10.36,overcast clouds
686,Inhambane,MZ,2021-05-24 02:07:18,-23.865,35.3833,64.8,70,0,9.48,clear sky
687,Luanda,AO,2021-05-24 02:03:52,-8.8368,13.2343,77.0,94,75,6.91,broken clouds
688,Upington,ZA,2021-05-24 02:07:19,-28.4478,21.2561,55.81,48,0,11.1,clear sky
689,Gheorghe Lazar,RO,2021-05-24 02:07:19,44.6333,27.45,65.89,80,100,2.35,overcast clouds
690,Gisborne,NZ,2021-05-24 02:04:51,-38.6533,178.0042,57.94,86,100,26.04,overcast clouds
691,Hendek,TR,2021-05-24 02:07:19,40.7994,30.7481,44.92,35,5,5.03,clear sky
692,Katherine,AU,2021-05-24 02:07:19,-14.4667,132.2667,84.52,32,8,12.71,clear sky
693,Okitipupa,NG,2021-05-24 02:07:20,6.5047,4.7839,73.99,92,10,2.24,clear sky
694,Maceio,BR,2021-05-24 02:07:20,-9.6658,-35.7353,72.84,85,0,7.45,clear sky
695,Bubaque,GW,2021-05-24 02:07:20,11.2833,-15.8333,78.6,73,79,14.83,broken clouds
696,Urengoy,RU,2021-05-24 02:07:21,65.9667,78.3667,49.66,70,47,23.89,scattered clouds
697,Sakakah,SA,2021-05-24 02:07:21,29.9697,40.2064,72.52,28,0,7.11,clear sky
698,Amga,RU,2021-05-24 02:07:21,60.8953,131.9608,39.65,96,100,11.77,light rain
699,Obihiro,JP,2021-05-24 02:07:22,42.9172,143.2044,67.39,64,34,8.1,scattered clouds
700,Ambon,ID,2021-05-24 02:07:22,-3.6954,128.1814,78.94,86,40,11.68,light rain
701,Bairiki,KI,2021-05-24 02:07:22,1.3292,172.9752,86.0,77,40,5.66,light rain
702,Bani,DO,2021-05-24 02:07:23,18.2833,-70.3333,77.76,80,11,15.61,few clouds
703,Samfya,ZM,2021-05-24 02:07:23,-11.3649,29.5565,54.41,78,17,9.06,few clouds
704,Zaozerne,UA,2021-05-24 02:07:23,45.1582,33.2787,59.05,73,37,5.37,scattered clouds
705,Murray Bridge,AU,2021-05-24 02:07:24,-35.1167,139.2667,76.12,38,100,22.06,overcast clouds
706,Morondava,MG,2021-05-24 02:07:24,-20.2833,44.2833,65.5,73,0,9.48,clear sky
707,Gouloure,BF,2021-05-24 02:07:24,12.2306,-1.9289,89.08,40,88,11.1,overcast clouds
708,Kon Tum,VN,2021-05-24 02:02:43,14.35,108.0,81.14,74,86,1.97,light rain
709,Christchurch,NZ,2021-05-24 02:07:05,-43.5333,172.6333,52.92,78,75,3.0,broken clouds
710,Ridgecrest,US,2021-05-24 02:07:25,35.6225,-117.6709,78.69,11,1,1.99,clear sky
711,Kulhudhuffushi,MV,2021-05-24 02:07:25,6.6221,73.07,82.9,79,100,19.26,overcast clouds
712,Pandamatenga,BW,2021-05-24 02:07:25,-18.5278,25.627,52.54,71,0,6.98,clear sky
713,Nizwa,OM,2021-05-24 02:07:26,22.9333,57.5333,81.32,49,0,1.52,clear sky
714,Adria,IT,2021-05-24 02:07:26,45.0564,12.0578,63.97,87,100,13.49,overcast clouds
715,Benjamin Hill,MX,2021-05-24 02:07:26,30.1667,-111.1,82.17,7,0,13.35,clear sky
716,Mondeville,FR,2021-05-24 02:07:27,49.175,-0.3224,50.95,87,0,11.5,moderate rain
717,Kidal,ML,2021-05-24 02:07:27,18.4411,1.4078,91.89,21,83,9.46,broken clouds
718,Machachi,EC,2021-05-24 02:07:27,-0.5,-78.5667,51.3,91,12,6.17,few clouds
